Identifier	MoleculeName	
P27361	UniProt:P27361 MAPK3	
Q9BRX9	UniProt:Q9BRX9 WDR83	
P10398	UniProt:P10398 ARAF	
P36507	UniProt:P36507 MAP2K2	
P04049	UniProt:P04049 RAF1	
Q9UHA4	UniProt:Q9UHA4 LAMTOR3	
P28482	UniProt:P28482 MAPK1	
Q02750	UniProt:Q02750 MAP2K1	
P15056	UniProt:P15056 BRAF	
Q9Y2Q5	UniProt:Q9Y2Q5 LAMTOR2	
A5PLK6	UniProt:A5PLK6 RGSL1	
Q9NS28	UniProt:Q9NS28 RGS18	
P41220	UniProt:P41220 RGS2	
P49796	UniProt:P49796 RGS3	
Q2M5E4	UniProt:Q2M5E4 RGS21	
P49795	UniProt:P49795 RGS19	
P10745	UniProt:P10745 RBP3	
P31371	UniProt:P31371 FGF9	
Q9GZV9	UniProt:Q9GZV9 FGF23	
P22607	UniProt:P22607-2 FGFR3	
O76093	UniProt:O76093 FGF18	
O43320	UniProt:O43320 FGF16	
P08620	UniProt:P08620 FGF4	
P22607	UniProt:P22607-1 FGFR3	
P19174	UniProt:P19174 PLCG1	
P55075	UniProt:P55075-1 FGF8	
P05230	UniProt:P05230 FGF1	
O60258	UniProt:O60258-1 FGF17	
P09038	UniProt:P09038 FGF2	
P12034	UniProt:P12034-1 FGF5	
Q9NP95	UniProt:Q9NP95 FGF20	
Q06124	UniProt:Q06124 PTPN11	
P21583	UniProt:P21583-1 KITLG	
P07948	UniProt:P07948 LYN	
P12931	UniProt:P12931-1 SRC	
P10721	UniProt:P10721 KIT	
P06241	UniProt:P06241 FYN	
P07947	UniProt:P07947 YES1	
P06239	UniProt:P06239 LCK	
Q9GZQ4	UniProt:Q9GZQ4 NMUR2	
P48645	UniProt:P48645 NMU	
Q9HB89	UniProt:Q9HB89 NMUR1	
O43318	UniProt:O43318 MAP3K7	
P16234	UniProt:P16234 PDGFRA	
P09619	UniProt:P09619 PDGFRB	
Q9Y6I3	UniProt:Q9Y6I3 EPN1	
P22681	UniProt:P22681 CBL	
O14964	UniProt:O14964 HGS	
Q99962	UniProt:Q99962 SH3GL2	
P01133	UniProt:P01133 EGF	
P00533	UniProt:P00533 EGFR	
O75886	UniProt:O75886 STAM2	
Q92783	UniProt:Q92783 STAM	
Q99961	UniProt:Q99961 SH3GL1	
P42566	UniProt:P42566 EPS15	
Q9UBC2	UniProt:Q9UBC2 EPS15L1	
P62993	UniProt:P62993-1 GRB2	
Q99963	UniProt:Q99963 SH3GL3	
Q96B97	UniProt:Q96B97 SH3KBP1	
O14786	UniProt:O14786 NRP1	
P12755	UniProt:P12755 SKI	
P12757	UniProt:P12757 SKIL	
Q9Y618	UniProt:Q9Y618 NCOR2	
P84022	UniProt:P84022 SMAD3	
Q6ZNA4	UniProt:Q6ZNA4 RNF111	
Q13485	UniProt:Q13485 SMAD4	
Q9HAU4	UniProt:Q9HAU4 SMURF2	
O75376	UniProt:O75376 NCOR1	
Q15796	UniProt:Q15796 SMAD2	
A8MTJ3	UniProt:A8MTJ3 GNAT3	
Q8NFM4	UniProt:Q8NFM4 ADCY4	
P38405	UniProt:P38405 GNAL	
O60503	UniProt:O60503 ADCY9	
P04899	UniProt:P04899 GNAI2	
P40145	UniProt:P40145 ADCY8	
Q08828	UniProt:Q08828 ADCY1	
P63096	UniProt:P63096 GNAI1	
P08754	UniProt:P08754 GNAI3	
O60266	UniProt:O60266 ADCY3	
O95622	UniProt:O95622 ADCY5	
Q08462	UniProt:Q08462 ADCY2	
P51828	UniProt:P51828 ADCY7	
O43306	UniProt:O43306 ADCY6	
P31751	UniProt:P31751 AKT2	
P0CG48	UniProt:P0CG48 UBC	
P62987	UniProt:P62987 UBA52	
P62979	UniProt:P62979 RPS27A	
Q13352	UniProt:Q13352 ITGB3BP	
Q13501	UniProt:Q13501 SQSTM1	
P0CG47	UniProt:P0CG47 UBB	
P55036	UniProt:P55036 PSMD4	
P60900	UniProt:P60900 PSMA6	
P62195	UniProt:P62195 PSMC5	
Q16401	UniProt:Q16401 PSMD5	
P49720	UniProt:P49720 PSMB3	
Q92530	UniProt:Q92530 PSMF1	
O00232	UniProt:O00232 PSMD12	
O43242	UniProt:O43242 PSMD3	
O75832	UniProt:O75832 PSMD10	
P61289	UniProt:P61289 PSME3	
P40306	UniProt:P40306 PSMB10	
P28074	UniProt:P28074 PSMB5	
P28062	UniProt:P28062 PSMB8	
P25788	UniProt:P25788 PSMA3	
O00233	UniProt:O00233 PSMD9	
Q99460	UniProt:Q99460 PSMD1	
P43686	UniProt:P43686 PSMC4	
P28070	UniProt:P28070 PSMB4	
P60896	UniProt:P60896 SHFM1	
P25786	UniProt:P25786 PSMA1	
P49721	UniProt:P49721 PSMB2	
Q15008	UniProt:Q15008 PSMD6	
O00487	UniProt:O00487 PSMD14	
P62333	UniProt:P62333 PSMC6	
P25787	UniProt:P25787 PSMA2	
P48556	UniProt:P48556 PSMD8	
P28065	UniProt:P28065 PSMB9	
Q99436	UniProt:Q99436 PSMB7	
Q9UNM6	UniProt:Q9UNM6 PSMD13	
Q06323	UniProt:Q06323 PSME1	
P20618	UniProt:P20618 PSMB1	
P62191	UniProt:P62191 PSMC1	
P28072	UniProt:P28072 PSMB6	
O00231	UniProt:O00231 PSMD11	
P28066	UniProt:P28066 PSMA5	
P51665	UniProt:P51665 PSMD7	
P25789	UniProt:P25789 PSMA4	
O14818	UniProt:O14818 PSMA7	
Q13200	UniProt:Q13200 PSMD2	
P35998	UniProt:P35998 PSMC2	
P17980	UniProt:P17980 PSMC3	
Q9UL46	UniProt:Q9UL46 PSME2	
P60660	UniProt:P60660 MYL6	
P35579	UniProt:P35579 MYH9	
O14950	UniProt:O14950 MYL12B	
P35749	UniProt:P35749 MYH11	
P35580	UniProt:P35580 MYH10	
Q7Z406	UniProt:Q7Z406 MYH14	
P24844	UniProt:P24844 MYL9	
P27986	UniProt:P27986 PIK3R1	
P42336	UniProt:P42336 PIK3CA	
P21802	UniProt:P21802-1 FGFR2	
P21802	UniProt:P21802-3 FGFR2	
P21802	UniProt:P21802-18 FGFR2	
P11487	UniProt:P11487 FGF3	
Q9HCT0	UniProt:Q9HCT0 FGF22	
P21802	UniProt:P21802-5 FGFR2	
Q13480	UniProt:Q13480 GAB1	
Q8WU20	UniProt:Q8WU20 FRS2	
P10767	UniProt:P10767 FGF6	
P21781	UniProt:P21781 FGF7	
O15520	UniProt:O15520 FGF10	
P08134	UniProt:P08134 RHOC	
P61586	UniProt:P61586 RHOA	
Q16512	UniProt:Q16512 PKN1	
P63000	UniProt:P63000 RAC1	
Q16513	UniProt:Q16513 PKN2	
Q6P5Z2	UniProt:Q6P5Z2 PKN3	
P62745	UniProt:P62745 RHOB	
P48146	UniProt:P48146 NPBWR2	
Q8NG41	UniProt:Q8NG41 NPB	
Q8N729	UniProt:Q8N729 NPW	
P48145	UniProt:P48145 NPBWR1	
Q9NZN5	UniProt:Q9NZN5 ARHGEF12	
O95750	UniProt:O95750 FGF19	
P22455	UniProt:P22455 FGFR4	
Q86Z14	UniProt:Q86Z14 KLB	
O43559	UniProt:O43559 FRS3	
P15692	UniProt:P15692 VEGFA	
P49767	UniProt:P49767 VEGFC	
O43915	UniProt:O43915 VEGFD	
P35968	UniProt:P35968 KDR	
Q86UW9	UniProt:Q86UW9 DTX2	
Q9Y2E6	UniProt:Q9Y2E6 DTX4	
Q96J02	UniProt:Q96J02 ITCH	
Q86Y01	UniProt:Q86Y01 DTX1	
Q92997	UniProt:Q92997 DVL3	
O14641	UniProt:O14641 DVL2	
O75197	UniProt:O75197 LRP5	
O75581	UniProt:O75581 LRP6	
Q14332	UniProt:Q14332 FZD2	
Q93098	UniProt:Q93098 WNT8B	
P56704	UniProt:P56704 WNT3A	
P04628	UniProt:P04628 WNT1	
Q9UP38	UniProt:Q9UP38 FZD1	
O14640	UniProt:O14640 DVL1	
Q9H1J5	UniProt:Q9H1J5 WNT8A	
P63010	UniProt:P63010 AP2B1	
O94973	UniProt:O94973 AP2A2	
Q96CW1	UniProt:Q96CW1 AP2M1	
Q00610	UniProt:Q00610 CLTC	
O95782	UniProt:O95782 AP2A1	
P53680	UniProt:P53680 AP2S1	
P09496	UniProt:P09496 CLTA	
P01112	UniProt:P01112 HRAS	
P01111	UniProt:P01111 NRAS	
P01116	UniProt:P01116 KRAS	
P02649	UniProt:P02649 APOE	
P35240	UniProt:P35240 NF2	
P57053	UniProt:P57053 H2BFS	
P0C5Y9	UniProt:P0C5Y9 H2AFB1	
P0C0S5	UniProt:P0C0S5 H2AFZ	
P16104	UniProt:P16104 H2AFX	
P68431	UniProt:P68431 HIST1H3A	
P58876	UniProt:P58876 HIST1H2BD	
Q93077	UniProt:Q93077 HIST1H2AC	
P84243	UniProt:P84243 H3F3A	
Q71UI9	UniProt:Q71UI9 H2AFV	
Q16777	UniProt:Q16777 HIST2H2AC	
Q99878	UniProt:Q99878 HIST1H2AJ	
P62805	UniProt:P62805 HIST1H4A	
P10275	UniProt:P10275 AR	
Q8N257	UniProt:Q8N257 HIST3H2BB	
Q99880	UniProt:Q99880 HIST1H2BL	
P23527	UniProt:P23527 HIST1H2BO	
Q6FI13	UniProt:Q6FI13 HIST2H2AA3	
Q16778	UniProt:Q16778 HIST2H2BE	
P06899	UniProt:P06899 HIST1H2BJ	
P33778	UniProt:P33778 HIST1H2BB	
Q93079	UniProt:Q93079 HIST1H2BH	
Q9BTM1	UniProt:Q9BTM1 H2AFJ	
Q99879	UniProt:Q99879 HIST1H2BM	
P04908	UniProt:P04908 HIST1H2AB	
Q96A08	UniProt:Q96A08 HIST1H2BA	
P20671	UniProt:P20671 HIST1H2AD	
Q71DI3	UniProt:Q71DI3 HIST2H3A	
Q99877	UniProt:Q99877 HIST1H2BN	
P62807	UniProt:P62807 HIST1H2BC	
O60814	UniProt:O60814 HIST1H2BK	
P32121	UniProt:P32121 ARRB2	
P41221	UniProt:P41221 WNT5A	
Q9ULV1	UniProt:Q9ULV1 FZD4	
P09497	UniProt:P09497 CLTB	
Q16566	UniProt:Q16566 CAMK4	
P62158	UniProt:P62158 CALM1	
O60341	UniProt:O60341 KDM1A	
O60229	UniProt:O60229 KALRN	
Q16659	UniProt:Q16659 MAPK6	
Q8IW41	UniProt:Q8IW41 MAPKAPK5	
Q6VN20	UniProt:Q6VN20 RANBP10	
P14210	UniProt:P14210 HGF	
P08581	UniProt:P08581 MET	
Q13153	UniProt:Q13153 PAK1	
Q03431	UniProt:Q03431 PTH1R	
P49190	UniProt:P49190 PTH2R	
Q9UEF7	UniProt:Q9UEF7-2 KL	
Q9UEF7	UniProt:Q9UEF7-1 KL	
P11362	UniProt:P11362-1 FGFR1	
P11362	UniProt:P11362-19 FGFR1	
Q15382	UniProt:Q15382 RHEB	
O60353	UniProt:O60353 FZD6	
O75084	UniProt:O75084 FZD7	
O96014	UniProt:O96014 WNT11	
Q9H1J7	UniProt:Q9H1J7 WNT5B	
Q9NPG1	UniProt:Q9NPG1 FZD3	
P56705	UniProt:P56705 WNT4	
P04085	UniProt:P04085-1 PDGFA	
P04085	UniProt:P04085-2 PDGFA	
P01127	UniProt:P01127 PDGFB	
O60674	UniProt:O60674 JAK2	
P40818	UniProt:P40818 USP8	
Q5H8A3	UniProt:Q5H8A3 NMS	
Q5T1C6	UniProt:Q5T1C6 THEM4	
Q96RU7	UniProt:Q96RU7 TRIB3	
P84095	UniProt:P84095 RHOG	
P60953	UniProt:P60953 CDC42	
P15153	UniProt:P15153 RAC2	
Q15303	UniProt:Q15303-3 ERBB4	
Q15303	UniProt:Q15303-1 ERBB4	
P10071	UniProt:P10071 GLI3	
P08151	UniProt:P08151 GLI1	
Q9UMX1	UniProt:Q9UMX1 SUFU	
P10070	UniProt:P10070 GLI2	
P06730	UniProt:P06730 EIF4E	
Q14956	UniProt:Q14956 GPNMB	
Q99075	UniProt:Q99075 HBEGF	
Q5S007	UniProt:Q5S007 LRRK2	
Q13882	UniProt:Q13882 PTK6	
P01308	UniProt:P01308 INS	
P06213	UniProt:P06213 INSR	
P08100	UniProt:P08100 RHO	
O43639	UniProt:O43639 NCK2	
Q13177	UniProt:Q13177 PAK2	
P15692	UniProt:P15692-4 VEGFA	
P16333	UniProt:P16333 NCK1	
Q14188	UniProt:Q14188 TFDP2	
P28749	UniProt:P28749 RBL1	
Q15329	UniProt:Q15329 E2F5	
Q16254	UniProt:Q16254 E2F4	
Q14186	UniProt:Q14186 TFDP1	
P29353	UniProt:P29353-2 SHC1	
Q14247	UniProt:Q14247 CTTN	
Q13258	UniProt:Q13258 PTGDR	
Q92831	UniProt:Q92831 KAT2B	
Q92830	UniProt:Q92830 KAT2A	
Q969V6	UniProt:Q969V6 MKL1	
Q96JK9	UniProt:Q96JK9 MAML3	
Q06330	UniProt:Q06330 RBPJ	
Q04721	UniProt:Q04721 NOTCH2	
Q8IZL2	UniProt:Q8IZL2 MAML2	
Q92585	UniProt:Q92585 MAML1	
Q13495	UniProt:Q13495 MAMLD1	
P36897	UniProt:P36897 TGFBR1	
P01137	UniProt:P01137 TGFB1	
P37173	UniProt:P37173 TGFBR2	
Q9Y6K9	UniProt:Q9Y6K9 IKBKG	
O15111	UniProt:O15111 CHUK	
O14920	UniProt:O14920 IKBKB	
P21333	UniProt:P21333 FLNA	
P30679	UniProt:P30679 GNA15	
O75962	UniProt:O75962 TRIO	
O95837	UniProt:O95837 GNA14	
P29992	UniProt:P29992 GNA11	
Q86VW2	UniProt:Q86VW2 ARHGEF25	
P50148	UniProt:P50148 GNAQ	
P35222	UniProt:P35222 CTNNB1	
Q9UJU2	UniProt:Q9UJU2 LEF1	
Q9Y3Y4	UniProt:Q9Y3Y4 PYGO1	
Q9BRQ0	UniProt:Q9BRQ0 PYGO2	
Q9HCS4	UniProt:Q9HCS4 TCF7L1	
Q9NQB0	UniProt:Q9NQB0 TCF7L2	
Q86UU0	UniProt:Q86UU0 BCL9L	
O00512	UniProt:O00512 BCL9	
P36402	UniProt:P36402 TCF7	
Q14623	UniProt:Q14623 IHH	
P07237	UniProt:P07237 P4HB	
Q15465	UniProt:Q15465 SHH	
O43323	UniProt:O43323 DHH	
P01185	UniProt:P01185 AVP	
Q9H237	UniProt:Q9H237 PORCN	
Q13576	UniProt:Q13576 IQGAP2	
Q86VI3	UniProt:Q86VI3 IQGAP3	
P46940	UniProt:P46940 IQGAP1	
Q9UKL2	UniProt:Q9UKL2 OR52A1	
Q96R69	UniProt:Q96R69 OR4F4	
Q8NGM1	UniProt:Q8NGM1 OR4C15	
Q8NGA2	UniProt:Q8NGA2 OR7A2P	
Q8NGX5	UniProt:Q8NGX5 OR10K1	
Q8NGS7	UniProt:Q8NGS7 OR13C8	
Q8NH09	UniProt:Q8NH09 OR8S1	
Q8NGA8	UniProt:Q8NGA8 OR4F17	
Q8NH05	UniProt:Q8NH05 OR4Q3	
Q8NGK6	UniProt:Q8NGK6 OR52I1	
Q8NG99	UniProt:Q8NG99 OR7G2	
Q8NGB9	UniProt:Q8NGB9 OR4F6	
P0C629	UniProt:P0C629 OR10J4	
Q8NH10	UniProt:Q8NH10 OR8U1	
Q8NGQ4	UniProt:Q8NGQ4 OR10Q1	
Q6IF63	UniProt:Q6IF63 OR52W1	
Q9H205	UniProt:Q9H205 OR2AG1	
A6NGY5	UniProt:A6NGY5 OR51F1	
Q8NGH5	UniProt:Q8NGH5 OR56A1	
Q96R27	UniProt:Q96R27 OR2M4	
Q9GZK7	UniProt:Q9GZK7 OR11A1	
P47887	UniProt:P47887 OR1E2	
Q8NGW1	UniProt:Q8NGW1 OR6B3	
Q8NGY5	UniProt:Q8NGY5 OR6N1	
Q5TZ20	UniProt:Q5TZ20 OR2G6	
Q15617	UniProt:Q15617 OR8G1	
Q8NGK4	UniProt:Q8NGK4 OR52K1	
Q8NH87	UniProt:Q8NH87 OR9G1	
Q8NH85	UniProt:Q8NH85 OR5R1	
Q8NH80	UniProt:Q8NH80 OR10D3	
O43749	UniProt:O43749 OR1F1	
Q8NH19	UniProt:Q8NH19 OR10AG1	
A6NDH6	UniProt:A6NDH6 OR5H15	
Q8NG84	UniProt:Q8NG84 OR2AK2	
Q8NGI9	UniProt:Q8NGI9 OR5A2	
P59922	UniProt:P59922 OR2B8P	
P0C645	UniProt:P0C645 OR4E1	
Q8NH89	UniProt:Q8NH89 OR5AK3P	
Q8NH03	UniProt:Q8NH03 OR2T3	
Q8NGH3	UniProt:Q8NGH3 OR2D3	
Q96R30	UniProt:Q96R30 OR2V2	
Q9UGF7	UniProt:Q9UGF7 OR12D3	
P0C623	UniProt:P0C623 OR4Q2	
Q8NH02	UniProt:Q8NH02 OR2T29	
Q8NGQ5	UniProt:Q8NGQ5 OR9Q1	
Q8NG95	UniProt:Q8NG95 OR7G3	
Q8NGJ6	UniProt:Q8NGJ6 OR51A4	
Q8NH94	UniProt:Q8NH94 OR1L1	
A4D2G3	UniProt:A4D2G3 OR2A25	
Q9Y4A9	UniProt:Q9Y4A9 OR10H1	
Q8NGX0	UniProt:Q8NGX0 OR11L1	
Q8NH70	UniProt:Q8NH70 OR4A16	
Q9H2C5	UniProt:Q9H2C5 OR52A5	
Q8NGZ6	UniProt:Q8NGZ6 OR6F1	
Q8NGY1	UniProt:Q8NGY1 OR10Z1	
Q9Y5P0	UniProt:Q9Y5P0 OR51B4	
Q8NGC5	UniProt:Q8NGC5 OR6J1	
Q8NGG4	UniProt:Q8NGG4 OR8H1	
A6NM76	UniProt:A6NM76 OR6C76	
Q8NH43	UniProt:Q8NH43 OR4L1	
Q8WZ84	UniProt:Q8WZ84 OR8D1	
Q9GZM6	UniProt:Q9GZM6 OR8D2	
Q8NGJ9	UniProt:Q8NGJ9 OR51T1	
Q8NGP4	UniProt:Q8NGP4 OR5M3	
Q8NG97	UniProt:Q8NG97 OR2Z1	
Q8NH18	UniProt:Q8NH18 OR5J2	
Q9H255	UniProt:Q9H255 OR51E2	
Q9H343	UniProt:Q9H343 OR51I1	
Q8NG85	UniProt:Q8NG85 OR2L3	
O14581	UniProt:O14581 OR7A17	
O60404	UniProt:O60404 OR10H3	
Q8NGY0	UniProt:Q8NGY0 OR10X1	
Q8NGR3	UniProt:Q8NGR3 OR1K1	
Q9Y585	UniProt:Q9Y585 OR1A2	
Q8NGT1	UniProt:Q8NGT1 OR2K2	
A6NJZ3	UniProt:A6NJZ3 OR6C65	
Q8NGN3	UniProt:Q8NGN3 OR10G4	
Q8NGD2	UniProt:Q8NGD2 OR4K2	
O95918	UniProt:O95918 OR2H2	
Q8NGD4	UniProt:Q8NGD4 OR4K1	
Q8NGN7	UniProt:Q8NGN7 OR10D4P	
Q8NGZ9	UniProt:Q8NGZ9 OR2T10	
Q6IEU7	UniProt:Q6IEU7 OR5M10	
Q8NH79	UniProt:Q8NH79 OR6X1	
Q8NGP6	UniProt:Q8NGP6 OR5M8	
Q8NH73	UniProt:Q8NH73 OR4S2	
Q8NHB1	UniProt:Q8NHB1 OR2V1	
Q96R47	UniProt:Q96R47 OR2A14	
A6NHG9	UniProt:A6NHG9 OR5H14	
Q8NGC0	UniProt:Q8NGC0 OR5AU1	
Q8NGG6	UniProt:Q8NGG6 OR8B12	
A6NDL8	UniProt:A6NDL8 OR6C68	
Q8NGX8	UniProt:Q8NGX8 OR6Y1	
Q8NH64	UniProt:Q8NH64 OR51A7	
Q8NGL4	UniProt:Q8NGL4 OR5D13	
Q8NGY2	UniProt:Q8NGY2 OR6K2	
P47893	UniProt:P47893 OR3A2	
O95222	UniProt:O95222 OR6A2	
Q8NGP8	UniProt:Q8NGP8 OR5M1	
Q8NH59	UniProt:Q8NH59 OR51Q1	
Q8NGG7	UniProt:Q8NGG7 OR8A1	
Q8NGY7	UniProt:Q8NGY7 OR10J6P	
Q8NGV7	UniProt:Q8NGV7 OR5H2	
Q15622	UniProt:Q15622 OR7A5	
Q96R72	UniProt:Q96R72 OR4K3	
Q8NGI4	UniProt:Q8NGI4 OR4D11	
Q8NH54	UniProt:Q8NH54 OR56A3	
Q9H208	UniProt:Q9H208 OR10A2	
Q8NGJ8	UniProt:Q8NGJ8 OR51S1	
Q8NGR8	UniProt:Q8NGR8 OR1L8	
Q8NGG3	UniProt:Q8NGG3 OR5T3	
Q9GZK3	UniProt:Q9GZK3 OR2B2	
Q9H210	UniProt:Q9H210 OR2D2	
Q8NGU4	UniProt:Q8NGU4 OR2I1P	
A3KFT3	UniProt:A3KFT3 OR2M5	
Q8NGX9	UniProt:Q8NGX9 OR6P1	
Q8NH67	UniProt:Q8NH67 OR52I2	
Q96RD1	UniProt:Q96RD1 OR6C1	
Q8NHC8	UniProt:Q8NHC8 OR2T6	
Q8IXE1	UniProt:Q8IXE1 OR4N5	
O60412	UniProt:O60412 OR7C2	
Q6IF99	UniProt:Q6IF99 OR10K2	
Q8NGR2	UniProt:Q8NGR2 OR1L6	
Q8NGV6	UniProt:Q8NGV6 OR5H6	
Q8NGD0	UniProt:Q8NGD0 OR4M1	
Q8NGU1	UniProt:Q8NGU1 OR9A1P	
Q9GZK6	UniProt:Q9GZK6 OR2J1	
Q8NGF7	UniProt:Q8NGF7 OR5B17	
A6NL26	UniProt:A6NL26 OR5B21	
A6NMZ5	UniProt:A6NMZ5 OR4C45	
Q8NH61	UniProt:Q8NH61 OR51F2	
P30953	UniProt:P30953 OR1E1	
Q8NGG5	UniProt:Q8NGG5 OR8K1	
Q8N0Y3	UniProt:Q8N0Y3 OR4N4	
Q8NGI8	UniProt:Q8NGI8 OR5AN1	
Q8NGC2	UniProt:Q8NGC2 OR4E2	
O76001	UniProt:O76001 OR2J3	
Q9NQN1	UniProt:Q9NQN1 OR2S2	
P0C7N5	UniProt:P0C7N5 OR8U9	
P30954	UniProt:P30954 OR10J1	
Q8N349	UniProt:Q8N349 OR2L13	
Q8NGI6	UniProt:Q8NGI6 OR4D10	
Q8NH42	UniProt:Q8NH42 OR4K13	
Q6IFN5	UniProt:Q6IFN5 OR7E24	
Q8NGS4	UniProt:Q8NGS4 OR13F1	
Q8NH74	UniProt:Q8NH74 OR10A6	
Q8NGD3	UniProt:Q8NGD3 OR4K5	
Q8NH57	UniProt:Q8NH57 OR52P1P	
Q8NGJ3	UniProt:Q8NGJ3 OR52E1	
Q8NGA1	UniProt:Q8NGA1 OR1M1	
Q8NGL1	UniProt:Q8NGL1 OR5D18	
Q8NG98	UniProt:Q8NG98 OR7D4	
P62873	UniProt:P62873 GNB1	
O60403	UniProt:O60403 OR10H2	
Q8NGN6	UniProt:Q8NGN6 OR10G7	
Q96RD2	UniProt:Q96RD2 OR52B2	
Q8NGH9	UniProt:Q8NGH9 OR52E4	
Q8NGE1	UniProt:Q8NGE1 OR6C4	
Q8NGF9	UniProt:Q8NGF9 OR4X2	
Q8NGS1	UniProt:Q8NGS1 OR1J4	
Q8NGD1	UniProt:Q8NGD1 OR4N2	
P0C626	UniProt:P0C626 OR5G3	
Q96RD3	UniProt:Q96RD3 OR52E6	
Q8NGC4	UniProt:Q8NGC4 OR10G3	
Q8NGS0	UniProt:Q8NGS0 OR1N1	
Q8NGN2	UniProt:Q8NGN2 OR10S1	
Q8NG75	UniProt:Q8NG75 OR5T1	
Q8NGE0	UniProt:Q8NGE0 OR10AD1	
Q6IF00	UniProt:Q6IF00 OR2T2	
O95221	UniProt:O95221 OR5F1	
Q8NGI7	UniProt:Q8NGI7 OR10V1	
Q8NHB7	UniProt:Q8NHB7 OR5K1	
Q9H2C8	UniProt:Q9H2C8 OR51V1	
Q8NGN8	UniProt:Q8NGN8 OR4A4P	
Q8NG80	UniProt:Q8NG80 OR2L5	
Q6IF82	UniProt:Q6IF82 OR4A47	
Q8NGK1	UniProt:Q8NGK1 OR51G1	
O76099	UniProt:O76099 OR7C1	
Q13606	UniProt:Q13606 OR5I1	
Q8NGP2	UniProt:Q8NGP2 OR8J1	
Q9H341	UniProt:Q9H341 OR51M1	
Q8NGQ1	UniProt:Q8NGQ1 OR9G4	
P0C617	UniProt:P0C617 OR5AL1	
Q9H342	UniProt:Q9H342 OR51J1	
P47881	UniProt:P47881 OR3A1	
Q9NZP0	UniProt:Q9NZP0 OR6C3	
Q8NG78	UniProt:Q8NG78 OR8G5	
O95013	UniProt:O95013 OR4F21	
Q8NGL3	UniProt:Q8NGL3 OR5D14	
Q8NH41	UniProt:Q8NH41 OR4K15	
Q8NH60	UniProt:Q8NH60 OR52J3	
A6NL08	UniProt:A6NL08 OR6C75	
Q8NG76	UniProt:Q8NG76 OR2T33	
Q8NGX1	UniProt:Q8NGX1 OR2T34	
Q8NH83	UniProt:Q8NH83 OR4A5	
Q8NHC5	UniProt:Q8NHC5 OR14A16	
Q8NHA4	UniProt:Q8NHA4 OR2AE1	
Q8NH90	UniProt:Q8NH90 OR5AK2	
Q8NH37	UniProt:Q8NH37 OR4C3	
Q8NGY3	UniProt:Q8NGY3 OR6K3	
Q15612	UniProt:Q15612 OR1Q1	
Q8NGS6	UniProt:Q8NGS6 OR13C3	
A6NET4	UniProt:A6NET4 OR5K3	
P47890	UniProt:P47890 OR1G1	
Q8NGS3	UniProt:Q8NGS3 OR1J1	
Q8TCB6	UniProt:Q8TCB6 OR51E1	
A6NIJ9	UniProt:A6NIJ9 OR6C70	
Q8NG92	UniProt:Q8NG92 OR13H1	
Q8NGQ3	UniProt:Q8NGQ3 OR1S2	
Q96R45	UniProt:Q96R45 OR2A7	
Q5JRS4	UniProt:Q5JRS4 OR10J3	
Q8NGM8	UniProt:Q8NGM8 OR6M1	
Q9H207	UniProt:Q9H207 OR10A5	
Q6IF42	UniProt:Q6IF42 OR2A2	
Q8NGA6	UniProt:Q8NGA6 OR10H5	
Q8NH49	UniProt:Q8NH49 OR4X1	
Q96RA2	UniProt:Q96RA2 OR7D2	
Q8NGJ4	UniProt:Q8NGJ4 OR52E2	
Q9P1Q5	UniProt:Q9P1Q5 OR1A1	
Q8NH00	UniProt:Q8NH00 OR2T4	
Q8NH81	UniProt:Q8NH81 OR10G6	
P47883	UniProt:P47883 OR3A4P	
A6NM03	UniProt:A6NM03 OR2AG2	
Q8NGC6	UniProt:Q8NGC6 OR4K17	
Q8NG94	UniProt:Q8NG94 OR11H1	
Q8N148	UniProt:Q8N148 OR6V1	
Q9GZK4	UniProt:Q9GZK4 OR2H1	
Q6IFG1	UniProt:Q6IFG1 OR52E8	
Q8NGS5	UniProt:Q8NGS5 OR13C4	
Q8NGM9	UniProt:Q8NGM9 OR8D4	
Q8NH56	UniProt:Q8NH56 OR52N5	
Q8NGN4	UniProt:Q8NGN4 OR10G9	
Q8NH55	UniProt:Q8NH55 OR52E5	
Q8NGS2	UniProt:Q8NGS2 OR1J2	
A6NCV1	UniProt:A6NCV1 OR6C74	
A6NND4	UniProt:A6NND4 OR2AT4	
Q8NGB4	UniProt:Q8NGB4 OR4S1	
Q13607	UniProt:Q13607 OR2F1	
P0C7T3	UniProt:P0C7T3 OR56A5	
Q8NGE9	UniProt:Q8NGE9 OR9Q2	
Q8NGC1	UniProt:Q8NGC1 OR11G2	
Q8NH16	UniProt:Q8NH16 OR2L2	
Q8NGG0	UniProt:Q8NGG0 OR8J3	
Q8NGZ3	UniProt:Q8NGZ3 OR13G1	
Q8NG77	UniProt:Q8NG77 OR2T12	
Q8NGA0	UniProt:Q8NGA0 OR7G1	
Q8NGW6	UniProt:Q8NGW6 OR6K6	
Q8NGT9	UniProt:Q8NGT9 OR2A1	
Q8NH07	UniProt:Q8NH07 OR11H2	
Q8NGI0	UniProt:Q8NGI0 OR52N2	
Q8NGX6	UniProt:Q8NGX6 OR10R2	
Q8NGF6	UniProt:Q8NGF6 OR10W1	
P0C7N8	UniProt:P0C7N8 OR9G9	
Q6IEZ7	UniProt:Q6IEZ7 OR2T5	
P58170	UniProt:P58170 OR1D5	
Q96R09	UniProt:Q96R09 OR5B2	
Q6IEY1	UniProt:Q6IEY1 OR4F3	
P34982	UniProt:P34982 OR1D2	
Q9NZP5	UniProt:Q9NZP5 OR5AC2	
Q8NGE7	UniProt:Q8NGE7 OR9K2	
Q8NHA8	UniProt:Q8NHA8 OR1F12	
Q8NG81	UniProt:Q8NG81 OR2M7	
Q8NH40	UniProt:Q8NH40 OR6S1	
O95371	UniProt:O95371 OR2C1	
Q8NH50	UniProt:Q8NH50 OR8K5	
Q5JQS5	UniProt:Q5JQS5 OR2B11	
Q8WZA6	UniProt:Q8WZA6 OR1E3	
Q8NGN0	UniProt:Q8NGN0 OR4D5	
Q8NGK0	UniProt:Q8NGK0 OR51G2	
Q8NG83	UniProt:Q8NG83 OR2M3	
Q8NHA6	UniProt:Q8NHA6 OR2W6P	
Q8NGE5	UniProt:Q8NGE5 OR10A7	
Q8NGL6	UniProt:Q8NGL6 OR4A15	
Q6IFH4	UniProt:Q6IFH4 OR6B2	
Q8NGH7	UniProt:Q8NGH7 OR52L1	
Q8NGB2	UniProt:Q8NGB2 OR4C5	
Q8NGL0	UniProt:Q8NGL0 OR5L2	
Q8NGR9	UniProt:Q8NGR9 OR1N2	
Q8NH76	UniProt:Q8NH76 OR56B4	
P0C604	UniProt:P0C604 OR4A8	
Q96R67	UniProt:Q96R67 OR4C12	
Q8NGP0	UniProt:Q8NGP0 OR4C13	
O76100	UniProt:O76100 OR7A10	
Q8NGG8	UniProt:Q8NGG8 OR8B3	
A6ND48	UniProt:A6ND48 OR14I1	
Q8NGJ5	UniProt:Q8NGJ5 OR51L1	
Q8NGL7	UniProt:Q8NGL7 OR4P4	
P0C646	UniProt:P0C646 OR52Z1	
Q8NGG2	UniProt:Q8NGG2 OR5T2	
Q8NGF0	UniProt:Q8NGF0 OR52B6	
Q8NGJ0	UniProt:Q8NGJ0 OR5A1	
Q9H340	UniProt:Q9H340 OR51B6	
Q8NH01	UniProt:Q8NH01 OR2T11	
Q8NH92	UniProt:Q8NH92 OR1S1	
Q9H346	UniProt:Q9H346 OR52D1	
Q8N146	UniProt:Q8N146 OR8H3	
A6NKK0	UniProt:A6NKK0 OR5H1	
Q8NGC7	UniProt:Q8NGC7 OR11H6	
Q8NH63	UniProt:Q8NH63 OR51H1	
Q8WZ92	UniProt:Q8WZ92 OR5P2	
P58180	UniProt:P58180 OR4D2	
Q96RB7	UniProt:Q96RB7 OR5M11	
Q8NH06	UniProt:Q8NH06 OR1P1	
Q8NGQ6	UniProt:Q8NGQ6 OR9I1	
Q8N127	UniProt:Q8N127 OR5AS1	
Q9NZP2	UniProt:Q9NZP2 OR6C2	
Q8NGZ5	UniProt:Q8NGZ5 OR2G2	
O76000	UniProt:O76000 OR2B3	
Q8NGF1	UniProt:Q8NGF1 OR52R1	
Q15620	UniProt:Q15620 OR8B8	
Q8NGS8	UniProt:Q8NGS8 OR13C5	
Q8NGG1	UniProt:Q8NGG1 OR8J2	
Q8NGI1	UniProt:Q8NGI1 OR56B2P	
Q8WZ94	UniProt:Q8WZ94 OR5P3	
P58182	UniProt:P58182 OR12D2	
A6NH00	UniProt:A6NH00 OR2T8	
Q8NGX3	UniProt:Q8NGX3 OR10T2	
Q8NGQ2	UniProt:Q8NGQ2 OR6Q1	
O60431	UniProt:O60431 OR1I1	
Q8NGB6	UniProt:Q8NGB6 OR4M2	
Q8NGB8	UniProt:Q8NGB8 OR4F15	
Q8NHB8	UniProt:Q8NHB8 OR5K2	
A6NHA9	UniProt:A6NHA9 OR4C46	
Q8NGK9	UniProt:Q8NGK9 OR5D16	
Q9H209	UniProt:Q9H209 OR10A4	
Q8N0Y5	UniProt:Q8N0Y5 OR8I2	
Q8NGT5	UniProt:Q8NGT5 OR9A2	
P58181	UniProt:P58181 OR10A3	
Q8NGJ1	UniProt:Q8NGJ1 OR4D6	
P58173	UniProt:P58173 OR2B6	
Q8NGS9	UniProt:Q8NGS9 OR13C2	
Q8NGE2	UniProt:Q8NGE2 OR2AP1	
Q8NGZ0	UniProt:Q8NGZ0 OR2AJ1	
Q8NGN5	UniProt:Q8NGN5 OR10G8	
Q8NGC9	UniProt:Q8NGC9 OR11H4	
Q8NGU2	UniProt:Q8NGU2 OR9A4	
Q8NGK5	UniProt:Q8NGK5 OR52M1	
Q8NH04	UniProt:Q8NH04 OR2T27	
Q8NH08	UniProt:Q8NH08 OR10AC1	
Q7Z3T1	UniProt:Q7Z3T1 OR2W3	
Q8NH69	UniProt:Q8NH69 OR5W2	
Q8NGC3	UniProt:Q8NGC3 OR10G2	
Q8NGP9	UniProt:Q8NGP9 OR5AR1	
O76002	UniProt:O76002 OR2J2	
Q15615	UniProt:Q15615 OR4D1	
Q9Y5P1	UniProt:Q9Y5P1 OR51B2	
Q8NGH6	UniProt:Q8NGH6 OR52L2P	
Q8N162	UniProt:Q8N162 OR8H2	
Q8NGR5	UniProt:Q8NGR5 OR1L4	
P47888	UniProt:P47888 OR3A3	
Q96R08	UniProt:Q96R08 OR5B12	
Q8NGF8	UniProt:Q8NGF8 OR4B1	
P63211	UniProt:P63211 GNGT1	
Q96RC9	UniProt:Q96RC9 OR8B4	
Q8NGY9	UniProt:Q8NGY9 OR2L8	
Q8NGY6	UniProt:Q8NGY6 OR6N2	
Q96R48	UniProt:Q96R48 OR2A5	
Q8NH93	UniProt:Q8NH93 OR1L3	
Q8NGT0	UniProt:Q8NGT0 OR13C9	
Q8NH53	UniProt:Q8NH53 OR52N1	
Q96R84	UniProt:Q96R84 OR1F2P	
Q8NGE3	UniProt:Q8NGE3 OR10P1	
A6NMU1	UniProt:A6NMU1 OR52A4P	
Q8NGJ2	UniProt:Q8NGJ2 OR52H1	
Q8NH21	UniProt:Q8NH21 OR4F5	
P0C628	UniProt:P0C628 OR5AC1	
O43869	UniProt:O43869 OR2T1	
O95006	UniProt:O95006 OR2F2	
Q8NGJ7	UniProt:Q8NGJ7 OR51A2	
Q96RD0	UniProt:Q96RD0 OR8B2	
Q8NHC7	UniProt:Q8NHC7 OR14C36	
Q8NGC8	UniProt:Q8NGC8 OR11H7	
Q8NGX2	UniProt:Q8NGX2 OR2T35	
A6NF89	UniProt:A6NF89 OR6C6	
Q8NGI2	UniProt:Q8NGI2 OR52N4	
Q8NGE8	UniProt:Q8NGE8 OR4D9	
O95007	UniProt:O95007 OR6B1	
Q8N628	UniProt:Q8N628 OR2C3	
Q96KK4	UniProt:Q96KK4 OR10C1	
A6NFC9	UniProt:A6NFC9 OR2W5	
Q8NGZ2	UniProt:Q8NGZ2 OR14K1	
Q8NGZ4	UniProt:Q8NGZ4 OR2G3	
Q6IF36	UniProt:Q6IF36 OR8G2	
Q8NGA5	UniProt:Q8NGA5 OR10H4	
Q96R28	UniProt:Q96R28 OR2M2	
Q8NH48	UniProt:Q8NH48 OR5B3	
Q8NGR4	UniProt:Q8NGR4 OR5C1	
Q8NGD5	UniProt:Q8NGD5 OR4K14	
Q9UGF5	UniProt:Q9UGF5 OR14J1	
Q8NGR1	UniProt:Q8NGR1 OR13A1	
Q96R54	UniProt:Q96R54 OR14A2	
Q8NGL9	UniProt:Q8NGL9 OR4C16	
Q8NGP3	UniProt:Q8NGP3 OR5M9	
Q6IEV9	UniProt:Q6IEV9 OR4C11	
Q8NGF4	UniProt:Q8NGF4 OR5AP2	
A6NMS3	UniProt:A6NMS3 OR5K4	
P47884	UniProt:P47884 OR1D4	
Q8NGK3	UniProt:Q8NGK3 OR52K2	
Q9UGF6	UniProt:Q9UGF6 OR5V1	
P0C7N1	UniProt:P0C7N1 OR8U8	
Q8NGV0	UniProt:Q8NGV0 OR2Y1	
Q15619	UniProt:Q15619 OR1C1	
Q9H339	UniProt:Q9H339 OR51B5	
Q8NH51	UniProt:Q8NH51 OR8K3	
Q8NH72	UniProt:Q8NH72 OR4C6	
Q9Y3N9	UniProt:Q9Y3N9 OR2W1	
Q8NGR6	UniProt:Q8NGR6 OR1B1	
Q8NGV5	UniProt:Q8NGV5 OR13D1	
Q8NHC4	UniProt:Q8NHC4 OR10J5	
Q8NGI3	UniProt:Q8NGI3 OR56B1	
Q9H344	UniProt:Q9H344 OR51I2	
Q8NGT2	UniProt:Q8NGT2 OR13J1	
Q8NGT7	UniProt:Q8NGT7 OR2A12	
Q8NGN1	UniProt:Q8NGN1 OR6T1	
Q8NGH8	UniProt:Q8NGH8 OR56A4	
Q8NHC6	UniProt:Q8NHC6 OR14L1P	
O95047	UniProt:O95047 OR2A4	
P0C7T2	UniProt:P0C7T2 OR2T7	
Q8NGF3	UniProt:Q8NGF3 OR51D1	
Q8NGL2	UniProt:Q8NGL2 OR5L1	
P30307	UniProt:P30307 CDC25C	
P46108	UniProt:P46108 CRK	
Q13905	UniProt:Q13905 RAPGEF1	
P46109	UniProt:P46109 CRKL	
Q9NRJ3	UniProt:Q9NRJ3 CCL28	
Q9Y4X3	UniProt:Q9Y4X3 CCL27	
P23945	UniProt:P23945 FSHR	
P29353	UniProt:P29353 SHC1	
P55085	UniProt:P55085 F2RL1	
O00254	UniProt:O00254 F2RL2	
P00734	UniProt:P00734 F2	
P25116	UniProt:P25116 F2R	
Q96RI0	UniProt:Q96RI0 F2RL3	
O43597	UniProt:O43597 SPRY2	
Q8IUC4	UniProt:Q8IUC4 RHPN2	
Q8TCX5	UniProt:Q8TCX5 RHPN1	
P29762	UniProt:P29762 CRABP1	
P02766	UniProt:P02766 TTR	
P02753	UniProt:P02753 RBP4	
Q9BX79	UniProt:Q9BX79 STRA6	
Q05397	UniProt:Q05397 PTK2	
Q15464	UniProt:Q15464 SHB	
P01138	UniProt:P01138 NGF	
P04629	UniProt:P04629 NTRK1	
Q92934	UniProt:Q92934 BAD	
P23246	UniProt:P23246 SFPQ	
Q99836	UniProt:Q99836 MYD88	
P53667	UniProt:P53667 LIMK1	
P53671	UniProt:P53671 LIMK2	
P14138	UniProt:P14138 EDN3	
Q07889	UniProt:Q07889 SOS1	
P23588	UniProt:P23588 EIF4B	
P08174	UniProt:P08174 CD55	
Q9Y219	UniProt:Q9Y219 JAG2	
Q9NPB9	UniProt:Q9NPB9 ACKR4	
P42575	UniProt:P42575 CASP2	
P42574	UniProt:P42574 CASP3	
P19438	UniProt:P19438 TNFRSF1A	
Q12933	UniProt:Q12933 TRAF2	
Q13546	UniProt:Q13546 RIPK1	
Q13489	UniProt:Q13489 BIRC3	
Q13077	UniProt:Q13077 TRAF1	
P01375	UniProt:P01375 TNF	
P98170	UniProt:P98170 XIAP	
Q15628	UniProt:Q15628 TRADD	
Q13490	UniProt:Q13490 BIRC2	
P43657	UniProt:P43657 LPAR6	
P51617	UniProt:P51617 IRAK1	
P08138	UniProt:P08138 NGFR	
Q9Y4K3	UniProt:Q9Y4K3 TRAF6	
Q9HCE7	UniProt:Q9HCE7 SMURF1	
P43088	UniProt:P43088 PTGFR	
O00574	UniProt:O00574 CXCR6	
Q9H2A7	UniProt:Q9H2A7 CXCL16	
P49286	UniProt:P49286 MTNR1B	
P48039	UniProt:P48039 MTNR1A	
P06307	UniProt:P06307 CCK	
Q8NER5	UniProt:Q8NER5 ACVR1C	
Q13705	UniProt:Q13705 ACVR2B	
P08476	UniProt:P08476 INHBA	
P09529	UniProt:P09529 INHBB	
P27037	UniProt:P27037 ACVR2A	
Q6P988	UniProt:Q6P988 NOTUM	
Q9NQC7	UniProt:Q9NQC7 CYLD	
Q9GZV5	UniProt:Q9GZV5 WWTR1	
Q96JA1	UniProt:Q96JA1 LRIG1	
P34947	UniProt:P34947 GRK5	
Q9UQQ2	UniProt:Q9UQQ2 SH2B3	
P11488	UniProt:P11488 GNAT1	
P09683	UniProt:P09683 SCT	
O95405	UniProt:O95405-1 ZFYVE9	
O00401	UniProt:O00401 WASL	
P42768	UniProt:P42768 WAS	
P42338	UniProt:P42338 PIK3CB	
P35568	UniProt:P35568 IRS1	
O00459	UniProt:O00459 PIK3R2	
Q9Y4H2	UniProt:Q9Y4H2 IRS2	
Q9BVC4	UniProt:Q9BVC4 MLST8	
P42345	UniProt:P42345 MTOR	
Q8N122	UniProt:Q8N122 RPTOR	
O95136	UniProt:O95136 S1PR2	
O95977	UniProt:O95977 S1PR4	
P21453	UniProt:P21453 S1PR1	
Q9H228	UniProt:Q9H228 S1PR5	
Q99500	UniProt:Q99500 S1PR3	
P21860	UniProt:P21860-1 ERBB3	
P85299	UniProt:P85299 PRR5	
Q9BPZ7	UniProt:Q9BPZ7 MAPKAP1	
Q6R327	UniProt:Q6R327 RICTOR	
P30153	UniProt:P30153 PPP2R1A	
P67775	UniProt:P67775 PPP2CA	
P62714	UniProt:P62714 PPP2CB	
Q14469	UniProt:Q14469 HES1	
P62753	UniProt:P62753 RPS6	
P07550	UniProt:P07550 ADRB2	
P52566	UniProt:P52566 ARHGDIB	
P31150	UniProt:P31150 GDI1	
Q99819	UniProt:Q99819 ARHGDIG	
P50395	UniProt:P50395 GDI2	
P52565	UniProt:P52565 ARHGDIA	
P18031	UniProt:P18031 PTPN1	
P35243	UniProt:P35243 RCVRN	
Q15835	UniProt:Q15835 GRK1	
Q9NQ36	UniProt:Q9NQ36 SCUBE2	
Q9H2H0	UniProt:Q9H2H0 CXXC4	
Q9ULT6	UniProt:Q9ULT6 ZNRF3	
Q13467	UniProt:Q13467 FZD5	
Q9H461	UniProt:Q9H461 FZD8	
Q68DV7	UniProt:Q68DV7 RNF43	
Q99952	UniProt:Q99952 PTPN18	
P04626	UniProt:P04626 ERBB2	
Q6TCH7	UniProt:Q6TCH7 PAQR3	
Q96A98	UniProt:Q96A98 PTH2	
P01270	UniProt:P01270 PTH	
P12272	UniProt:P12272 PTHLH	
P35372	UniProt:P35372 OPRM1	
P01189	UniProt:P01189 POMC	
P01213	UniProt:P01213 PDYN	
O14944	UniProt:O14944 EREG	
Q02297	UniProt:Q02297 NRG1	
Q15303	UniProt:Q15303-2 ERBB4	
Q8WWG1	UniProt:Q8WWG1 NRG4	
P35070	UniProt:P35070 BTC	
O14511	UniProt:O14511 NRG2	
P56975	UniProt:P56975 NRG3	
Q969W9	UniProt:Q969W9 PMEPA1	
P63215	UniProt:P63215 GNG3	
P09471	UniProt:P09471 GNAO1	
Q9UK08	UniProt:Q9UK08 GNG8	
O60262	UniProt:O60262 GNG7	
P50151	UniProt:P50151 GNG10	
Q9UBI6	UniProt:Q9UBI6 GNG12	
Q9HAV0	UniProt:Q9HAV0 GNB4	
O14610	UniProt:O14610 GNGT2	
P50150	UniProt:P50150 GNG4	
P63218	UniProt:P63218 GNG5	
P61952	UniProt:P61952 GNG11	
O14775	UniProt:O14775 GNB5	
P16520	UniProt:P16520 GNB3	
P62879	UniProt:P62879 GNB2	
P59768	UniProt:P59768 GNG2	
Q9P2W3	UniProt:Q9P2W3 GNG13	
P19087	UniProt:P19087 GNAT2	
O15105	UniProt:O15105 SMAD7	
P29353	UniProt:P29353-3 SHC1	
Q7RTX0	UniProt:Q7RTX0 TAS1R3	
Q7RTX1	UniProt:Q7RTX1 TAS1R1	
P26006	UniProt:P26006 ITGA3	
Q16787	UniProt:Q16787 LAMA3	
P02452	UniProt:P02452 COL1A1	
P02461	UniProt:P02461 COL3A1	
P55268	UniProt:P55268 LAMB2	
P12107	UniProt:P12107 COL11A1	
Q13751	UniProt:Q13751 LAMB3	
Q9Y6N6	UniProt:Q9Y6N6 LAMC3	
Q8IZC6	UniProt:Q8IZC6 COL27A1	
P20908	UniProt:P20908 COL5A1	
P07942	UniProt:P07942 LAMB1	
P24043	UniProt:P24043 LAMA2	
P25940	UniProt:P25940 COL5A3	
P05556	UniProt:P05556 ITGB1	
Q16363	UniProt:Q16363 LAMA4	
P08123	UniProt:P08123 COL1A2	
P13942	UniProt:P13942 COL11A2	
Q17RW2	UniProt:Q17RW2 COL24A1	
O15230	UniProt:O15230 LAMA5	
P17301	UniProt:P17301 ITGA2	
P25391	UniProt:P25391 LAMA1	
Q13753	UniProt:Q13753 LAMC2	
P05997	UniProt:P05997 COL5A2	
P11047	UniProt:P11047 LAMC1	
P02458	UniProt:P02458 COL2A1	
P02751	UniProt:P02751 FN1	
P23443	UniProt:P23443 RPS6KB1	
P04275	UniProt:P04275 VWF	
P02671	UniProt:P02671 FGA	
P05106	UniProt:P05106 ITGB3	
P61224	UniProt:P61224 RAP1B	
P08514	UniProt:P08514 ITGA2B	
P62834	UniProt:P62834 RAP1A	
Q9Y490	UniProt:Q9Y490 TLN1	
P02679	UniProt:P02679 FGG	
P02675	UniProt:P02675 FGB	
Q7Z5R6	UniProt:Q7Z5R6 APBB1IP	
Q2MKA7	UniProt:Q2MKA7 RSPO1	
Q9BXY4	UniProt:Q9BXY4 RSPO3	
Q2I0M5	UniProt:Q2I0M5 RSPO4	
Q6UXX9	UniProt:Q6UXX9 RSPO2	
P49815	UniProt:P49815 TSC2	
Q92574	UniProt:Q92574 TSC1	
Q14435	UniProt:Q14435 GALNT3	
Q92529	UniProt:Q92529 SHC3	
P98077	UniProt:P98077 SHC2	
Q01718	UniProt:Q01718 MC2R	
P49137	UniProt:P49137 MAPKAPK2	
Q9UGK3	UniProt:Q9UGK3 STAP2	
P0C0P6	UniProt:P0C0P6 NPS	
P04114	UniProt:P04114 APOB	
P02652	UniProt:P02652 APOA2	
P02647	UniProt:P02647 APOA1	
P06727	UniProt:P06727 APOA4	
P31749	UniProt:P31749 AKT1	
O14907	UniProt:O14907 TAX1BP3	
Q9NQC3	UniProt:Q9NQC3 RTN4	
P23515	UniProt:P23515 OMG	
P20916	UniProt:P20916 MAG	
Q9BZR6	UniProt:Q9BZR6 RTN4R	
P56945	UniProt:P56945 BCAR1	
O43157	UniProt:O43157 PLXNB1	
Q03113	UniProt:Q03113 GNA12	
Q14344	UniProt:Q14344 GNA13	
O14775	UniProt:O14775-1 GNB5	
O75916	UniProt:O75916-3 RGS9	
Q6ZS82	UniProt:Q6ZS82 RGS9BP	
P42330	UniProt:P42330 AKR1C3	
P63244	UniProt:P63244 RACK1	
Q13635	UniProt:Q13635 PTCH1	
P04090	UniProt:P04090 RLN2	
Q8WXF3	UniProt:Q8WXF3 RLN3	
P63261	UniProt:P63261 ACTG1	
P07737	UniProt:P07737 PFN1	
P60709	UniProt:P60709 ACTB	
P35080	UniProt:P35080 PFN2	
P07900	UniProt:P07900 HSP90AA1	
P20396	UniProt:P20396 TRH	
P34981	UniProt:P34981 TRHR	
P19086	UniProt:P19086 GNAZ	
Q9Y297	UniProt:Q9Y297 BTRC	
P25054	UniProt:P25054 APC	
Q13363	UniProt:Q13363 CTBP1	
O43521	UniProt:O43521 BCL2L11	
P16767	UniProt:P16767 UL36	
O95466	UniProt:O95466 FMNL1	
O14578	UniProt:O14578 CIT	
P46527	UniProt:P46527 CDKN1B	
P49763	UniProt:P49763 PGF	
P49765	UniProt:P49765 VEGFB	
Q92963	UniProt:Q92963 RIT1	
Q99578	UniProt:Q99578 RIT2	
Q13304	UniProt:Q13304 GPR17	
Q92636	UniProt:Q92636 NSMAF	
Q5T6X5	UniProt:Q5T6X5 GPRC6A	
Q8NDV7	UniProt:Q8NDV7 TNRC6A	
Q9UL18	UniProt:Q9UL18 AGO1	
Q9HCJ0	UniProt:Q9HCJ0 TNRC6C	
Q9UPQ9	UniProt:Q9UPQ9 TNRC6B	
Q9UKV8	UniProt:Q9UKV8 AGO2	
Q9HCE1	UniProt:Q9HCE1 MOV10	
Q9H9G7	UniProt:Q9H9G7 AGO3	
Q9HCK5	UniProt:Q9HCK5 AGO4	
P38936	UniProt:P38936 CDKN1A	
Q14790	UniProt:Q14790 CASP8	
Q09472	UniProt:Q09472 EP300	
Q92793	UniProt:Q92793 CREBBP	
P46937	UniProt:P46937 YAP1	
P40763	UniProt:P40763 STAT3	
P42229	UniProt:P42229 STAT5A	
P42224	UniProt:P42224 STAT1	
P51692	UniProt:P51692 STAT5B	
Q9HD26	UniProt:Q9HD26 GOPC	
P13569	UniProt:P13569 CFTR	
P24385	UniProt:P24385 CCND1	
P20800	UniProt:P20800 EDN2	
P24530	UniProt:P24530 EDNRB	
P05305	UniProt:P05305 EDN1	
P25101	UniProt:P25101 EDNRA	
P10276	UniProt:P10276 RARA	
P13631	UniProt:P13631 RARG	
P19793	UniProt:P19793 RXRA	
P48443	UniProt:P48443 RXRG	
P10826	UniProt:P10826 RARB	
P28702	UniProt:P28702 RXRB	
O14904	UniProt:O14904 WNT9A	
P49683	UniProt:P49683 PRLHR	
O75386	UniProt:O75386 TULP3	
Q8NEZ3	UniProt:Q8NEZ3 WDR19	
Q9P2L0	UniProt:Q9P2L0 WDR35	
Q9HBG6	UniProt:Q9HBG6 IFT122	
Q7Z4L5	UniProt:Q7Z4L5 TTC21B	
Q96RY7	UniProt:Q96RY7 IFT140	
Q12913	UniProt:Q12913 PTPRJ	
P48357	UniProt:P48357-1 LEPR	
Q9NRF2	UniProt:Q9NRF2-2 SH2B1	
P41159	UniProt:P41159 LEP	
P08700	UniProt:P08700 IL3	
Q02763	UniProt:Q02763 TEK	
P11277	UniProt:P11277 SPTB	
Q05586	UniProt:Q05586 GRIN1	
P04141	UniProt:P04141 CSF2	
Q8N9B8	UniProt:Q8N9B8 RASGEF1A	
P39905	UniProt:P39905 GDNF	
O00451	UniProt:O00451 GFRA2	
Q8IV61	UniProt:Q8IV61 RASGRP3	
P18433	UniProt:P18433 PTPRA	
Q99996	UniProt:Q99996 AKAP9	
Q01344	UniProt:Q01344 IL5RA	
P31785	UniProt:P31785 IL2RG	
Q99748	UniProt:Q99748 NRTN	
P23458	UniProt:P23458 JAK1	
P60568	UniProt:P60568 IL2	
Q9Y4G8	UniProt:Q9Y4G8 RAPGEF2	
P26951	UniProt:P26951 IL3RA	
P01589	UniProt:P01589 IL2RA	
Q8TDF6	UniProt:Q8TDF6 RASGRP4	
Q12879	UniProt:Q12879 GRIN2A	
P07949	UniProt:P07949 RET	
Q13224	UniProt:Q13224 GRIN2B	
Q13554	UniProt:Q13554 CAMK2B	
Q9H254	UniProt:Q9H254 SPTBN4	
Q15389	UniProt:Q15389 ANGPT1	
O60542	UniProt:O60542 PSPN	
P13591	UniProt:P13591 NCAM1	
P07196	UniProt:P07196 NEFL	
O95267	UniProt:O95267 RASGRP1	
P56159	UniProt:P56159 GFRA1	
P15509	UniProt:P15509 CSF2RA	
Q13557	UniProt:Q13557 CAMK2D	
O15399	UniProt:O15399 GRIN2D	
P32927	UniProt:P32927 CSF2RB	
P35609	UniProt:P35609 ACTN2	
Q13555	UniProt:Q13555 CAMK2G	
Q02297	UniProt:Q02297-10 NRG1	
P05113	UniProt:P05113 IL5	
O14827	UniProt:O14827 RASGRF2	
Q9UQM7	UniProt:Q9UQM7 CAMK2A	
Q96S59	UniProt:Q96S59 RANBP9	
Q13813	UniProt:Q13813 SPTAN1	
Q5T4W7	UniProt:Q5T4W7 ARTN	
P14784	UniProt:P14784 IL2RB	
Q01082	UniProt:Q01082 SPTBN1	
P78352	UniProt:P78352 DLG4	
Q13972	UniProt:Q13972 RASGRF1	
Q14957	UniProt:Q14957 GRIN2C	
Q9NRC6	UniProt:Q9NRC6 SPTBN5	
O15020	UniProt:O15020 SPTBN2	
O43561	UniProt:O43561-2 LAT	
P02549	UniProt:P02549 SPTA1	
O60609	UniProt:O60609 GFRA3	
Q9GZZ7	UniProt:Q9GZZ7 GFRA4	
P52333	UniProt:P52333 JAK3	
Q8NCM8	UniProt:Q8NCM8 DYNC2H1	
Q9NP31	UniProt:Q9NP31 SH2D2A	
P30530	UniProt:P30530 AXL	
Q9NR61	UniProt:Q9NR61 DLL4	
Q9ULK5	UniProt:Q9ULK5 VANGL2	
P34925	UniProt:P34925 RYK	
P83859	UniProt:P83859 QRFP	
Q96P65	UniProt:Q96P65 QRFPR	
Q13618	UniProt:Q13618 CUL3	
Q53G59	UniProt:Q53G59 KLHL12	
P62877	UniProt:P62877 RBX1	
P17081	UniProt:P17081 RHOQ	
Q9H4E5	UniProt:Q9H4E5 RHOJ	
Q8IXI1	UniProt:Q8IXI1 RHOT2	
Q7L0Q8	UniProt:Q7L0Q8 RHOU	
O94844	UniProt:O94844 RHOBTB1	
Q9BYZ6	UniProt:Q9BYZ6 RHOBTB2	
Q96L33	UniProt:Q96L33 RHOV	
Q9HBH0	UniProt:Q9HBH0 RHOF	
P60763	UniProt:P60763 RAC3	
O00212	UniProt:O00212 RHOD	
Q8IXI2	UniProt:Q8IXI2 RHOT1	
Q15669	UniProt:Q15669 RHOH	
O15169	UniProt:O15169 AXIN1	
Q9NTX7	UniProt:Q9NTX7 RNF146	
Q9H2K2	UniProt:Q9H2K2 TNKS2	
O95271	UniProt:O95271 TNKS	
Q9Y2T1	UniProt:Q9Y2T1 AXIN2	
P30622	UniProt:P30622 CLIP1	
O14578	UniProt:O14578-3 CIT	
P35367	UniProt:P35367 HRH1	
Q04724	UniProt:Q04724 TLE1	
Q04727	UniProt:Q04727 TLE4	
Q04725	UniProt:Q04725 TLE2	
Q08117	UniProt:Q08117 AES	
Q04726	UniProt:Q04726 TLE3	
P05412	UniProt:P05412 JUN	
Q7Z569	UniProt:Q7Z569 BRAP	
Q16695	UniProt:Q16695 HIST3H3	
Q96P68	UniProt:Q96P68 OXGR1	
O75474	UniProt:O75474 FRAT2	
P49841	UniProt:P49841 GSK3B	
Q92837	UniProt:Q92837 FRAT1	
O43791	UniProt:O43791 SPOP	
Q6IQ16	UniProt:Q6IQ16 SPOPL	
P56545	UniProt:P56545 CTBP2	
Q13188	UniProt:Q13188 STK3	
Q9H4B6	UniProt:Q9H4B6 SAV1	
O00255	UniProt:O00255 MEN1	
Q04726	UniProt:Q04726-3 TLE3	
Q16665	UniProt:Q16665 HIF1A	
P46531	UniProt:P46531 NOTCH1	
Q4VCS5	UniProt:Q4VCS5-1 AMOT	
Q8IY63	UniProt:Q8IY63 AMOTL1	
Q9Y2J4	UniProt:Q9Y2J4 AMOTL2	
P41180	UniProt:P41180 CASR	
Q92747	UniProt:Q92747 ARPC1A	
P59998	UniProt:P59998 ARPC4	
O15145	UniProt:O15145 ARPC3	
P61158	UniProt:P61158 ACTR3	
O15143	UniProt:O15143 ARPC1B	
P61160	UniProt:P61160 ACTR2	
O15144	UniProt:O15144 ARPC2	
O15511	UniProt:O15511 ARPC5	
P23352	UniProt:P23352 ANOS1	
Q99466	UniProt:Q99466 NOTCH4	
Q9UM47	UniProt:Q9UM47 NOTCH3	
P10145	UniProt:P10145 CXCL8	
Q16570	UniProt:Q16570 ACKR1	
P29274	UniProt:P29274 ADORA2A	
Q96DZ1	UniProt:Q96DZ1 ERLEC1	
Q13438	UniProt:Q13438 OS9	
P06881	UniProt:P06881 CALCA	
P10092	UniProt:P10092 CALCB	
Q9NZ42	UniProt:Q9NZ42 PSENEN	
Q92542	UniProt:Q92542 NCSTN	
Q96BI3	UniProt:Q96BI3 APH1A	
Q8WW43	UniProt:Q8WW43 APH1B	
P49810	UniProt:P49810 PSEN2	
P55160	UniProt:P55160 NCKAP1L	
Q96F07	UniProt:Q96F07 CYFIP2	
Q8WUW1	UniProt:Q8WUW1 BRK1	
Q8IZP0	UniProt:Q8IZP0 ABI1	
Q9NYB9	UniProt:Q9NYB9 ABI2	
Q9UQB8	UniProt:Q9UQB8 BAIAP2	
Q7L576	UniProt:Q7L576 CYFIP1	
Q9Y2A7	UniProt:Q9Y2A7 NCKAP1	
Q9UPY6	UniProt:Q9UPY6 WASF3	
Q92558	UniProt:Q92558 WASF1	
Q9Y6W5	UniProt:Q9Y6W5 WASF2	
Q92569	UniProt:Q92569 PIK3R3	
P12872	UniProt:P12872 MLN	
P09681	UniProt:P09681 GIP	
P48546	UniProt:P48546 GIPR	
P29353	UniProt:P29353-1 SHC1	
Q05209	UniProt:Q05209 PTPN12	
Q9GZT5	UniProt:Q9GZT5 WNT10A	
P56706	UniProt:P56706 WNT7B	
Q93097	UniProt:Q93097 WNT2B	
O00744	UniProt:O00744 WNT10B	
O14905	UniProt:O14905 WNT9B	
P56703	UniProt:P56703 WNT3	
Q9Y6F9	UniProt:Q9Y6F9 WNT6	
P09544	UniProt:P09544 WNT2	
O00755	UniProt:O00755 WNT7A	
Q9UBV4	UniProt:Q9UBV4 WNT16	
Q9BYM8	UniProt:Q9BYM8 RBCK1	
Q96EP0	UniProt:Q96EP0 RNF31	
Q9H0F6	UniProt:Q9H0F6 SHARPIN	
Q96BN8	UniProt:Q96BN8 OTULIN	
P04001	UniProt:P04001 OPN1MW	
P03999	UniProt:P03999 OPN1SW	
P04000	UniProt:P04000 OPN1LW	
P17516	UniProt:P17516 AKR1C4	
Q04828	UniProt:Q04828 AKR1C1	
O60218	UniProt:O60218 AKR1B10	
Q03181	UniProt:Q03181 PPARD	
O43516	UniProt:O43516 WIPF1	
Q8TF74	UniProt:Q8TF74 WIPF2	
A6NGB9	UniProt:A6NGB9 WIPF3	
Q9NZQ3	UniProt:Q9NZQ3 NCKIPSD	
O00222	UniProt:O00222 GRM8	
P0DMS8	UniProt:P0DMS8 ADORA3	
P18825	UniProt:P18825 ADRA2C	
P25090	UniProt:P25090 FPR2	
Q14833	UniProt:Q14833 GRM4	
Q07325	UniProt:Q07325 CXCL9	
P51677	UniProt:P51677 CCR3	
P59539	UniProt:P59539 TAS2R45	
Q9NYV8	UniProt:Q9NYV8 TAS2R14	
P32246	UniProt:P32246 CCR1	
P08913	UniProt:P08913 ADRA2A	
P51684	UniProt:P51684 CCR6	
Q9NYW6	UniProt:Q9NYW6 TAS2R3	
P09341	UniProt:P09341 CXCL1	
P18089	UniProt:P18089 ADRA2B	
P41146	UniProt:P41146 OPRL1	
Q9ULZ1	UniProt:Q9ULZ1 APLN	
P59541	UniProt:P59541 TAS2R30	
Q9UBY5	UniProt:Q9UBY5 LPAR3	
P21730	UniProt:P21730 C5AR1	
P59534	UniProt:P59534 TAS2R39	
P01303	UniProt:P01303 NPY	
P49682	UniProt:P49682 CXCR3	
Q9H1C0	UniProt:Q9H1C0 LPAR5	
Q9UBS5	UniProt:Q9UBS5 GABBR1	
Q9BXC0	UniProt:Q9BXC0 HCAR1	
P46092	UniProt:P46092 CCR10	
P50391	UniProt:P50391 NPY4R	
P35346	UniProt:P35346 SSTR5	
P25106	UniProt:P25106 ACKR3	
Q9NSD7	UniProt:Q9NSD7 RXFP3	
P34972	UniProt:P34972 CNR2	
P08173	UniProt:P08173 CHRM4	
Q9H244	UniProt:Q9H244 P2RY12	
Q9Y5Y4	UniProt:Q9Y5Y4 PTGDR2	
P32302	UniProt:P32302 CXCR5	
P59533	UniProt:P59533 TAS2R38	
Q9NYV7	UniProt:Q9NYV7 TAS2R16	
P02776	UniProt:P02776 PF4	
Q9NYV9	UniProt:Q9NYV9 TAS2R13	
P49019	UniProt:P49019 HCAR3	
O60755	UniProt:O60755 GALR3	
Q7RTR8	UniProt:Q7RTR8 TAS2R42	
O15303	UniProt:O15303 GRM6	
Q9NYW3	UniProt:Q9NYW3 TAS2R7	
Q9NRV9	UniProt:Q9NRV9 HEBP1	
Q9NYW2	UniProt:Q9NYW2 TAS2R8	
P59536	UniProt:P59536 TAS2R41	
P59542	UniProt:P59542 TAS2R19	
P01210	UniProt:P01210 PENK	
P59544	UniProt:P59544 TAS2R50	
P30411	UniProt:P30411 BDKRB2	
Q14416	UniProt:Q14416 GRM2	
Q99527	UniProt:Q99527 GPER1	
P80162	UniProt:P80162 CXCL6	
P04083	UniProt:P04083 ANXA1	
Q8TDS5	UniProt:Q8TDS5 OXER1	
P49146	UniProt:P49146 NPY2R	
Q92633	UniProt:Q92633 LPAR1	
O00230	UniProt:O00230 CORT	
P25024	UniProt:P25024 CXCR1	
O15444	UniProt:O15444 CCL25	
Q15391	UniProt:Q15391 P2RY14	
Q13519	UniProt:Q13519 PNOC	
P59535	UniProt:P59535 TAS2R40	
P25929	UniProt:P25929 NPY1R	
P78556	UniProt:P78556 CCL20	
P08172	UniProt:P08172 CHRM2	
O75899	UniProt:O75899 GABBR2	
Q16581	UniProt:Q16581 C3AR1	
P25089	UniProt:P25089 FPR3	
P14416	UniProt:P14416 DRD2	
O15467	UniProt:O15467 CCL16	
Q9Y5Q6	UniProt:Q9Y5Q6 INSL5	
P30872	UniProt:P30872 SSTR1	
O00585	UniProt:O00585 CCL21	
P35414	UniProt:P35414 APLNR	
O14625	UniProt:O14625 CXCL11	
P51582	UniProt:P51582 P2RY4	
Q8TDU9	UniProt:Q8TDU9 RXFP4	
P25025	UniProt:P25025 CXCR2	
P41143	UniProt:P41143 OPRD1	
Q9HBW0	UniProt:Q9HBW0 LPAR2	
P30874	UniProt:P30874 SSTR2	
Q8TDS4	UniProt:Q8TDS4 HCAR2	
P61278	UniProt:P61278 SST	
P01031	UniProt:P01031 C5	
P43115	UniProt:P43115 PTGER3	
P21917	UniProt:P21917 DRD4	
P51685	UniProt:P51685 CCR8	
P47898	UniProt:P47898 HTR5A	
O43603	UniProt:O43603 GALR2	
P30939	UniProt:P30939 HTR1F	
P05067	UniProt:P05067 APP	
P35462	UniProt:P35462 DRD3	
P48061	UniProt:P48061 CXCL12	
Q99705	UniProt:Q99705 MCHR1	
Q9NYW1	UniProt:Q9NYW1 TAS2R9	
Q9NYW0	UniProt:Q9NYW0 TAS2R10	
P59551	UniProt:P59551 TAS2R60	
Q14831	UniProt:Q14831 GRM7	
Q9BXA5	UniProt:Q9BXA5 SUCNR1	
P02778	UniProt:P02778 CXCL10	
P47211	UniProt:P47211 GALR1	
P61073	UniProt:P61073 CXCR4	
P28566	UniProt:P28566 HTR1E	
P02775	UniProt:P02775 PPBP	
P51681	UniProt:P51681 CCR5	
P59540	UniProt:P59540 TAS2R46	
P13501	UniProt:P13501 CCL5	
Q14832	UniProt:Q14832 GRM3	
P50052	UniProt:P50052 AGTR2	
P20382	UniProt:P20382 PMCH	
P46663	UniProt:P46663 BDKRB1	
Q9NYW4	UniProt:Q9NYW4 TAS2R5	
P21554	UniProt:P21554 CNR1	
P19875	UniProt:P19875 CXCL2	
P42830	UniProt:P42830 CXCL5	
P41145	UniProt:P41145 OPRK1	
Q14330	UniProt:Q14330 GPR18	
Q9Y5N1	UniProt:Q9Y5N1 HRH3	
P01298	UniProt:P01298 PPY	
P30542	UniProt:P30542 ADORA1	
Q9NYW7	UniProt:Q9NYW7 TAS2R1	
P28222	UniProt:P28222 HTR1B	
Q99731	UniProt:Q99731 CCL19	
P19876	UniProt:P19876 CXCL3	
P32248	UniProt:P32248 CCR7	
Q8IVG9	UniProt:Q8IVG9 MT-RNR2	
P51686	UniProt:P51686 CCR9	
P59538	UniProt:P59538 TAS2R31	
P32745	UniProt:P32745 SSTR3	
P01019	UniProt:P01019 AGT	
P41597	UniProt:P41597 CCR2	
P10082	UniProt:P10082 PYY	
P01024	UniProt:P01024 C3	
Q9NYW5	UniProt:Q9NYW5 TAS2R4	
P55773	UniProt:P55773-2 CCL23	
P21462	UniProt:P21462 FPR1	
P28221	UniProt:P28221 HTR1D	
Q9H3N8	UniProt:Q9H3N8 HRH4	
Q9BPV8	UniProt:Q9BPV8 P2RY13	
P01042	UniProt:P01042 KNG1	
Q969V1	UniProt:Q969V1 MCHR2	
Q9Y2T6	UniProt:Q9Y2T6 GPR55	
O43927	UniProt:O43927 CXCL13	
P59537	UniProt:P59537 TAS2R43	
P59543	UniProt:P59543 TAS2R20	
P51679	UniProt:P51679 CCR4	
Q15761	UniProt:Q15761 NPY5R	
P31391	UniProt:P31391 SSTR4	
P0DJI8	UniProt:P0DJI8 SAA1	
P08908	UniProt:P08908 HTR1A	
P22466	UniProt:P22466 GAL	
P30281	UniProt:P30281 CCND3	
Q8NEB9	UniProt:Q8NEB9 PIK3C3	
Q99570	UniProt:Q99570 PIK3R4	
O60894	UniProt:O60894 RAMP1	
O60895	UniProt:O60895 RAMP2	
P10997	UniProt:P10997 IAPP	
P30988	UniProt:P30988 CALCR	
O60896	UniProt:O60896 RAMP3	
Q68CZ2	UniProt:Q68CZ2 TNS3	
Q96FE5	UniProt:Q96FE5 LINGO1	
P31943	UniProt:P31943 HNRNPH1	
P52597	UniProt:P52597 HNRNPF	
O43251	UniProt:O43251 RBFOX2	
Q9Y3F4	UniProt:Q9Y3F4 STRAP	
P78504	UniProt:P78504 JAG1	
O00548	UniProt:O00548 DLL1	
P34995	UniProt:P34995 PTGER1	
Q96PU5	UniProt:Q96PU5 NEDD4L	
Q9GZP0	UniProt:Q9GZP0 PDGFD	
Q9NRA1	UniProt:Q9NRA1-1 PDGFC	
A7MBM2	UniProt:A7MBM2 DISP2	
P16220	UniProt:P16220 CREB1	
Q13573	UniProt:Q13573 SNW1	
Q15147	UniProt:Q15147 PLCB4	
Q9NQ66	UniProt:Q9NQ66 PLCB1	
Q01970	UniProt:Q01970 PLCB3	
Q00722	UniProt:Q00722 PLCB2	
Q12841	UniProt:Q12841 FSTL1	
Q9H772	UniProt:Q9H772 GREM2	
O95813	UniProt:O95813 CER1	
Q9BU40	UniProt:Q9BU40 CHRDL1	
Q13253	UniProt:Q13253 NOG	
P48729	UniProt:P48729 CSNK1A1	
P30154	UniProt:P30154 PPP2R1B	
Q15173	UniProt:Q15173 PPP2R5B	
Q5JTC6	UniProt:Q5JTC6 AMER1	
Q13362	UniProt:Q13362 PPP2R5C	
Q15172	UniProt:Q15172 PPP2R5A	
Q14738	UniProt:Q14738 PPP2R5D	
Q16537	UniProt:Q16537 PPP2R5E	
P36896	UniProt:P36896 ACVR1B	
Q6ZWL3	UniProt:Q6ZWL3 CYP4V2	
O00418	UniProt:O00418 EEF2K	
Q9UKN5	UniProt:Q9UKN5 PRDM4	
Q9NR63	UniProt:Q9NR63 CYP26B1	
O43174	UniProt:O43174 CYP26A1	
Q6V0L0	UniProt:Q6V0L0 CYP26C1	
P09874	UniProt:P09874 PARP1	
Q16602	UniProt:Q16602 CALCRL	
Q9H4P4	UniProt:Q9H4P4 RNF41	
Q05655	UniProt:Q05655 PRKCD	
P05771	UniProt:P05771 PRKCB	
P17252	UniProt:P17252 PRKCA	
Q05513	UniProt:Q05513 PRKCZ	
Q96RT1	UniProt:Q96RT1 ERBIN	
Q9Y644	UniProt:Q9Y644 RFNG	
O00587	UniProt:O00587 MFNG	
Q8NES3	UniProt:Q8NES3 LFNG	
O94788	UniProt:O94788 ALDH1A2	
P00352	UniProt:P00352 ALDH1A1	
P47895	UniProt:P47895 ALDH1A3	
Q7Z624	UniProt:Q7Z624 CAMKMT	
P15498	UniProt:P15498 VAV1	
P01282	UniProt:P01282 VIP	
P01229	UniProt:P01229 LHB	
Q96T91	UniProt:Q96T91 GPHA2	
O14804	UniProt:O14804 TAAR5	
P41587	UniProt:P41587 VIPR2	
Q02643	UniProt:Q02643 GHRHR	
P32245	UniProt:P32245 MC4R	
Q8TDU6	UniProt:Q8TDU6 GPBAR1	
P08588	UniProt:P08588 ADRB1	
P63092	UniProt:P63092 GNAS	
O95838	UniProt:O95838 GLP2R	
P01286	UniProt:P01286 GHRH	
Q9NYM4	UniProt:Q9NYM4 GPR83	
P41586	UniProt:P41586 ADCYAP1R1	
P01225	UniProt:P01225 FSHB	
Q86YW7	UniProt:Q86YW7 GPHB5	
Q8NGU9	UniProt:Q8NGU9 GPR150	
P29275	UniProt:P29275 ADORA2B	
Q9HBX9	UniProt:Q9HBX9 RXFP1	
Q96RI8	UniProt:Q96RI8 TAAR6	
P35408	UniProt:P35408 PTGER4	
P49685	UniProt:P49685 GPR15	
P06850	UniProt:P06850 CRH	
Q14439	UniProt:Q14439 GPR176	
P43119	UniProt:P43119 PTGIR	
O75388	UniProt:O75388 GPR32	
P21918	UniProt:P21918 DRD5	
P34998	UniProt:P34998 CRHR1	
Q9P1P5	UniProt:Q9P1P5 TAAR2	
Q7Z4H4	UniProt:Q7Z4H4 ADM2	
P25021	UniProt:P25021 HRH2	
P01215	UniProt:P01215 CGA	
Q96G91	UniProt:Q96G91 P2RY11	
P50406	UniProt:P50406 HTR6	
P01258	UniProt:P01258 CALCA	
P16473	UniProt:P16473 TSHR	
P33032	UniProt:P33032 MC5R	
P51460	UniProt:P51460 INSL3	
P01275	UniProt:P01275 GCG	
P47871	UniProt:P47871 GCGR	
P47872	UniProt:P47872 SCTR	
P34969	UniProt:P34969 HTR7	
P32241	UniProt:P32241 VIPR1	
P18509	UniProt:P18509 ADCYAP1	
Q96RI9	UniProt:Q96RI9 TAAR9	
P41968	UniProt:P41968 MC3R	
Q99678	UniProt:Q99678 GPR20	
P30518	UniProt:P30518 AVPR2	
P43116	UniProt:P43116 PTGER2	
P35318	UniProt:P35318 ADM	
O00155	UniProt:O00155 GPR25	
Q01726	UniProt:Q01726 MC1R	
Q96RJ0	UniProt:Q96RJ0 TAAR1	
Q969N4	UniProt:Q969N4 TAAR8	
P43220	UniProt:P43220 GLP1R	
P22888	UniProt:P22888 LHCGR	
Q9NQS5	UniProt:Q9NQS5 GPR84	
Q5JWF2	UniProt:Q5JWF2 GNAS	
Q9NS67	UniProt:Q9NS67 GPR27	
Q9P1P4	UniProt:Q9P1P4 TAAR3	
Q6W5P4	UniProt:Q6W5P4 NPSR1	
P13945	UniProt:P13945 ADRB3	
P01222	UniProt:P01222 TSHB	
P21728	UniProt:P21728 DRD1	
Q8WXD0	UniProt:Q8WXD0 RXFP2	
Q9Y5Y3	UniProt:Q9Y5Y3 GPR45	
Q13639	UniProt:Q13639 HTR4	
Q13324	UniProt:Q13324 CRHR2	
P41240	UniProt:P41240 CSK	
Q13547	UniProt:Q13547 HDAC1	
Q8N158	UniProt:Q8N158 GPC2	
P35052	UniProt:P35052 GPC1	
P98160	UniProt:P98160 HSPG2	
P51654	UniProt:P51654 GPC3	
P18827	UniProt:P18827 SDC1	
P31431	UniProt:P31431 SDC4	
O75487	UniProt:O75487 GPC4	
P78333	UniProt:P78333 GPC5	
O00468	UniProt:O00468 AGRN	
P02655	UniProt:P02655 APOC2	
P02656	UniProt:P02656 APOC3	
O75056	UniProt:O75056 SDC3	
Q9Y625	UniProt:Q9Y625 GPC6	
P34741	UniProt:P34741 SDC2	
Q9H8S9	UniProt:Q9H8S9 MOB1A	
O95835	UniProt:O95835 LATS1	
Q7L9L4	UniProt:Q7L9L4 MOB1B	
Q15843	UniProt:Q15843 NEDD8	
P00326	UniProt:P00326 ADH1C	
P07327	UniProt:P07327 ADH1A	
P08319	UniProt:P08319 ADH4	
P41595	UniProt:P41595 HTR2B	
P28223	UniProt:P28223 HTR2A	
P28335	UniProt:P28335 HTR2C	
Q07666	UniProt:Q07666 KHDRBS1	
Q7Z698	UniProt:Q7Z698 SPRED2	
Q7Z699	UniProt:Q7Z699 SPRED1	
Q9UNE7	UniProt:Q9UNE7 STUB1	
Q9Y4D1	UniProt:Q9Y4D1 DAAM1	
Q9H2A2	UniProt:Q9H2A2 ALDH8A1	
Q9BST9	UniProt:Q9BST9 RTKN	
O43663	UniProt:O43663 PRC1	
Q8N307	UniProt:Q8N307 MUC20	
P25103	UniProt:P25103 TACR1	
Q13255	UniProt:Q13255 GRM1	
P41594	UniProt:P41594 GRM5	
Q8N2K0	UniProt:Q8N2K0 ABHD12	
Q9BV23	UniProt:Q9BV23 ABHD6	
P25098	UniProt:P25098 GRK2	
Q8NFJ6	UniProt:Q8NFJ6 PROKR2	
Q8TCW9	UniProt:Q8TCW9 PROKR1	
Q86UP2	UniProt:Q86UP2 KTN1	
O43504	UniProt:O43504 LAMTOR5	
Q9NY59	UniProt:Q9NY59 SMPD3	
O60906	UniProt:O60906 SMPD2	
P54750	UniProt:P54750 PDE1A	
Q01064	UniProt:Q01064 PDE1B	
Q14123	UniProt:Q14123 PDE1C	
P35626	UniProt:P35626 GRK3	
P43250	UniProt:P43250 GRK6	
P15291	UniProt:P15291 B4GALT1	
P01178	UniProt:P01178 OXT	
Q8IVT5	UniProt:Q8IVT5 KSR1	
P27448	UniProt:P27448 MARK3	
P31946	UniProt:P31946 YWHAB	
Q9HC23	UniProt:Q9HC23 PROK2	
P58294	UniProt:P58294 PROK1	
O14492	UniProt:O14492 SH2B2	
P55211	UniProt:P55211 CASP9	
P32238	UniProt:P32238 CCKAR	
P32239	UniProt:P32239 CCKBR	
P14598	UniProt:P14598 NCF1	
P13498	UniProt:P13498 CYBA	
Q15080	UniProt:Q15080 NCF4	
P19878	UniProt:P19878 NCF2	
P04839	UniProt:P04839 CYBB	
Q08499	UniProt:Q08499 PDE4D	
Q9HCR9	UniProt:Q9HCR9 PDE11A	
O60658	UniProt:O60658 PDE8A	
Q07343	UniProt:Q07343 PDE4B	
O00408	UniProt:O00408 PDE2A	
Q9Y233	UniProt:Q9Y233 PDE10A	
Q08493	UniProt:Q08493 PDE4C	
Q13946	UniProt:Q13946 PDE7A	
P27815	UniProt:P27815 PDE4A	
Q9NP56	UniProt:Q9NP56 PDE7B	
Q14432	UniProt:Q14432 PDE3A	
O95263	UniProt:O95263 PDE8B	
Q13370	UniProt:Q13370 PDE3B	
Q9NPB6	UniProt:Q9NPB6 PARD6A	
O43524	UniProt:O43524 FOXO3	
P98177	UniProt:P98177-2 FOXO4	
P98177	UniProt:P98177-1 FOXO4	
Q12778	UniProt:Q12778 FOXO1	
Q99814	UniProt:Q99814 EPAS1	
P49336	UniProt:P49336 CDK8	
P24863	UniProt:P24863 CCNC	
P35348	UniProt:P35348 ADRA1A	
P21731	UniProt:P21731 TBXA2R	
P35368	UniProt:P35368 ADRA1B	
P25100	UniProt:P25100 ADRA1D	
Q86XP1	UniProt:Q86XP1 DGKH	
P52429	UniProt:P52429 DGKE	
O75912	UniProt:O75912 DGKI	
P49619	UniProt:P49619 DGKG	
Q13574	UniProt:Q13574 DGKZ	
Q16760	UniProt:Q16760 DGKD	
P52824	UniProt:P52824 DGKQ	
Q9Y6T7	UniProt:Q9Y6T7 DGKB	
P23743	UniProt:P23743 DGKA	
Q5KSL6	UniProt:Q5KSL6 DGKK	
P17612	UniProt:P17612 PRKACA	
P49023	UniProt:P49023 PXN	
Q92556	UniProt:Q92556 ELMO1	
Q14185	UniProt:Q14185 DOCK1	
Q96JJ3	UniProt:Q96JJ3 ELMO2	
Q92781	UniProt:Q92781 RDH5	
Q8TC12	UniProt:Q8TC12 RDH11	
Q9GZN2	UniProt:Q9GZN2 TGIF2	
Q15583	UniProt:Q15583 TGIF1	
O60716	UniProt:O60716 CTNND1	
P35222	UniProt:P35222-1 CTNNB1	
P35221	UniProt:P35221 CTNNA1	
P33151	UniProt:P33151 CDH5	
P14923	UniProt:P14923 JUP	
P09455	UniProt:P09455 RBP1	
Q8TE23	UniProt:Q8TE23 TAS1R2	
Q99755	UniProt:Q99755 PIP5K1A	
O60331	UniProt:O60331 PIP5K1C	
O14986	UniProt:O14986 PIP5K1B	
Q13145	UniProt:Q13145 BAMBI	
Q9NZ52	UniProt:Q9NZ52 GGA3	
Q17R88	UniProt:Q17R88 SORCS3	
Q9Y243	UniProt:Q9Y243 AKT3	
Q04759	UniProt:Q04759 PRKCQ	
Q02156	UniProt:Q02156 PRKCE	
P05129	UniProt:P05129 PRKCG	
P24723	UniProt:P24723 PRKCH	
P31152	UniProt:P31152 MAPK4	
Q14160	UniProt:Q14160 SCRIB	
Q9Y3A6	UniProt:Q9Y3A6 TMED5	
P42679	UniProt:P42679 MATK	
P04792	UniProt:P04792 HSPB1	
O15530	UniProt:O15530 PDPK1	
P04271	UniProt:P04271 S100B	
Q9NYA1	UniProt:Q9NYA1 SPHK1	
Q9Y5V3	UniProt:Q9Y5V3 MAGED1	
Q99685	UniProt:Q99685 MGLL	
P29371	UniProt:P29371 TACR3	
Q9UHF0	UniProt:Q9UHF0 TAC3	
O14763	UniProt:O14763 TNFRSF10B	
O00220	UniProt:O00220 TNFRSF10A	
P50591	UniProt:P50591 TNFSF10	
Q13158	UniProt:Q13158 FADD	
Q15797	UniProt:Q15797 SMAD1	
O15198	UniProt:O15198 SMAD9	
Q99717	UniProt:Q99717 SMAD5	
Q04912	UniProt:Q04912 MST1R	
P51617	UniProt:P51617-1 IRAK1	
Q07866	UniProt:Q07866 KLC1	
Q9H0B6	UniProt:Q9H0B6 KLC2	
Q12840	UniProt:Q12840 KIF5A	
Q6P597	UniProt:Q6P597 KLC3	
Q9NSK0	UniProt:Q9NSK0 KLC4	
P33176	UniProt:P33176 KIF5B	
Q9UD71	UniProt:Q9UD71 PPP1R1B	
Q9HAT0	UniProt:Q9HAT0 ROPN1	
Q86TM6	UniProt:Q86TM6 SYVN1	
Q9UBV2	UniProt:Q9UBV2 SEL1L	
P55072	UniProt:P55072 VCP	
Q9GZP9	UniProt:Q9GZP9 DERL2	
Q04637	UniProt:Q04637 EIF4G1	
P24941	UniProt:P24941 CDK2	
P24864	UniProt:P24864 CCNE1	
P11802	UniProt:P11802 CDK4	
Q16181	UniProt:Q16181 SEPT7	
O43541	UniProt:O43541 SMAD6	
Q00994	UniProt:Q00994 BEX3	
P62258	UniProt:P62258 YWHAE	
P08572	UniProt:P08572 COL4A2	
P10451	UniProt:P10451 SPP1	
P12110	UniProt:P12110 COL6A2	
P12109	UniProt:P12109 COL6A1	
P29400	UniProt:P29400 COL4A5	
Q01955	UniProt:Q01955 COL4A3	
P12111	UniProt:P12111 COL6A3	
Q14050	UniProt:Q14050 COL9A3	
P20849	UniProt:P20849 COL9A1	
A8TX70	UniProt:A8TX70 COL6A5	
A6NMZ7	UniProt:A6NMZ7 COL6A6	
P35442	UniProt:P35442 THBS2	
P49746	UniProt:P49746 THBS3	
P07996	UniProt:P07996 THBS1	
P53420	UniProt:P53420 COL4A4	
P02462	UniProt:P02462 COL4A1	
P35443	UniProt:P35443 THBS4	
Q14055	UniProt:Q14055 COL9A2	
P17275	UniProt:P17275 JUNB	
P43268	UniProt:P43268 ETV4	
Q9Y6Q9	UniProt:Q9Y6Q9 NCOA3	
Q6ZVD8	UniProt:Q6ZVD8 PHLPP2	
O60346	UniProt:O60346 PHLPP1	
Q8TEW0	UniProt:Q8TEW0 PARD3	
Q9P2M7	UniProt:Q9P2M7 CGN	
Q9Y624	UniProt:Q9Y624 F11R	
Q6ZSZ5	UniProt:Q6ZSZ5 ARHGEF18	
P49757	UniProt:P49757 NUMB	
O43609	UniProt:O43609 SPRY1	
Q9Y6C5	UniProt:Q9Y6C5 PTCH2	
P22612	UniProt:P22612 PRKACG	
P22694	UniProt:P22694 PRKACB	
Q06945	UniProt:Q06945 SOX4	
Q9H6I2	UniProt:Q9H6I2 SOX17	
Q9UN79	UniProt:Q9UN79 SOX13	
P62136	UniProt:P62136 PPP1CA	
P30556	UniProt:P30556 AGTR1	
P06756	UniProt:P06756 ITGAV	
P51810	UniProt:P51810 GPR143	
Q13976	UniProt:Q13976 PRKG1	
Q13237	UniProt:Q13237 PRKG2	
P62330	UniProt:P62330 ARF6	
Q8N474	UniProt:Q8N474 SFRP1	
Q96HF1	UniProt:Q96HF1 SFRP2	
O14842	UniProt:O14842 FFAR1	
P48736	UniProt:P48736 PIK3CG	
Q5UE93	UniProt:Q5UE93 PIK3R6	
Q8WYR1	UniProt:Q8WYR1 PIK3R5	
P63208	UniProt:P63208 SKP1	
Q13616	UniProt:Q13616 CUL1	
Q13202	UniProt:Q13202 DUSP8	
Q99956	UniProt:Q99956 DUSP9	
Q16828	UniProt:Q16828 DUSP6	
Q9BY84	UniProt:Q9BY84 DUSP16	
Q16829	UniProt:Q16829 DUSP7	
Q9Y6W6	UniProt:Q9Y6W6 DUSP10	
Q16644	UniProt:Q16644 MAPKAPK3	
O14829	UniProt:O14829 PPEF1	
Q9BWV1	UniProt:Q9BWV1 BOC	
Q9H9S4	UniProt:Q9H9S4 CAB39L	
Q9Y376	UniProt:Q9Y376 CAB39	
P36894	UniProt:P36894 BMPR1A	
O00238	UniProt:O00238 BMPR1B	
P09651	UniProt:P09651 HNRNPA1	
P47900	UniProt:P47900 P2RY1	
P55089	UniProt:P55089 UCN	
Q96RP3	UniProt:Q96RP3 UCN2	
Q969E3	UniProt:Q969E3 UCN3	
Q9HAP6	UniProt:Q9HAP6 LIN7B	
Q06187	UniProt:Q06187 BTK	
Q6NXG1	UniProt:Q6NXG1 ESRP1	
Q16690	UniProt:Q16690 DUSP5	
Q13115	UniProt:Q13115 DUSP4	
Q05923	UniProt:Q05923 DUSP2	
P28562	UniProt:P28562 DUSP1	
P11831	UniProt:P11831 SRF	
Q8N9R8	UniProt:Q8N9R8 SCAI	
P21452	UniProt:P21452 TACR2	
P17706	UniProt:P17706 PTPN2	
P06493	UniProt:P06493 CDK1	
P30990	UniProt:P30990 NTS	
O60610	UniProt:O60610 DIAPH1	
O96015	UniProt:O96015 DNAL4	
P11234	UniProt:P11234 RALB	
P11233	UniProt:P11233 RALA	
Q9UHX3	UniProt:Q9UHX3 ADGRE2	
Q14246	UniProt:Q14246 ADGRE1	
P48960	UniProt:P48960 CD97	
Q9BY15	UniProt:Q9BY15 ADGRE3	
Q99677	UniProt:Q99677 LPAR4	
O75044	UniProt:O75044 SRGAP2	
Q8TAT2	UniProt:Q8TAT2 FGFBP3	
Q14512	UniProt:Q14512 FGFBP1	
Q9BYJ0	UniProt:Q9BYJ0 FGFBP2	
Q99835	UniProt:Q99835 SMO	
Q9BY41	UniProt:Q9BY41 HDAC8	
Q92769	UniProt:Q92769 HDAC2	
Q8WUI4	UniProt:Q8WUI4 HDAC7	
Q9UKV0	UniProt:Q9UKV0 HDAC9	
O15379	UniProt:O15379 HDAC3	
Q96DB2	UniProt:Q96DB2 HDAC11	
O60907	UniProt:O60907 TBL1X	
Q9BZK7	UniProt:Q9BZK7 TBL1XR1	
Q9UQL6	UniProt:Q9UQL6 HDAC5	
Q9UBN7	UniProt:Q9UBN7 HDAC6	
Q969S8	UniProt:Q969S8 HDAC10	
P56524	UniProt:P56524 HDAC4	
P43405	UniProt:P43405 SYK	
Q8WXG6	UniProt:Q8WXG6-3 MADD	
Q8WXG6	UniProt:Q8WXG6-5 MADD	
P20366	UniProt:P20366 TAC1	
P18206	UniProt:P18206 VCL	
Q969H4	UniProt:Q969H4 CNKSR1	
Q8WXI2	UniProt:Q8WXI2 CNKSR2	
P49407	UniProt:P49407 ARRB1	
Q6VAB6	UniProt:Q6VAB6 KSR2	
P04629	UniProt:P04629-1 NTRK1	
Q13541	UniProt:Q13541 EIF4EBP1	
Q96A00	UniProt:Q96A00 PPP1R14A	
Q13873	UniProt:Q13873 BMPR2	
Q9HB90	UniProt:Q9HB90 RRAGC	
Q9NQL2	UniProt:Q9NQL2 RRAGD	
Q9NYA4	UniProt:Q9NYA4 MTMR4	
P25685	UniProt:P25685 DNAJB1	
Q8NBN7	UniProt:Q8NBN7 RDH13	
Q04206	UniProt:Q04206 RELA	
P19838	UniProt:P19838 NFKB1	
P25963	UniProt:P25963 NFKBIA	
Q9NWQ8	UniProt:Q9NWQ8 PAG1	
Q08209	UniProt:Q08209 PPP3CA	
P16298	UniProt:P16298 PPP3CB	
P48454	UniProt:P48454 PPP3CC	
Q15726	UniProt:Q15726 KISS1	
Q969F8	UniProt:Q969F8 KISS1R	
Q14155	UniProt:Q14155 ARHGEF7	
Q14028	UniProt:Q14028 CNGB1	
P29973	UniProt:P29973 CNGA1	
O75473	UniProt:O75473 LGR5	
Q9BXB1	UniProt:Q9BXB1 LGR4	
Q9HBX8	UniProt:Q9HBX8 LGR6	
P81277	UniProt:P81277 PRLH	
Q4KMG0	UniProt:Q4KMG0 CDON	
Q12860	UniProt:Q12860 CNTN1	
Q6NZY7	UniProt:Q6NZY7 CDC42EP5	
O14613	UniProt:O14613 CDC42EP2	
Q9UKI2	UniProt:Q9UKI2 CDC42EP3	
O43194	UniProt:O43194 GPR39	
O75914	UniProt:O75914 PAK3	
P52735	UniProt:P52735 VAV2	
Q9UKW4	UniProt:Q9UKW4 VAV3	
Q8NBL1	UniProt:Q8NBL1 POGLUT1	
P50579	UniProt:P50579 METAP2	
P53582	UniProt:P53582 METAP1	
Q9H3Y6	UniProt:Q9H3Y6 SRMS	
O75911	UniProt:O75911 DHRS3	
P07602	UniProt:P07602 PSAP	
P80370	UniProt:P80370 DLK1	
P53041	UniProt:P53041 PPP5C	
O14544	UniProt:O14544 SOCS6	
P31483	UniProt:P31483 TIA1	
Q01085	UniProt:Q01085 TIAL1	
O60883	UniProt:O60883 GPR37L1	
Q86UK5	UniProt:Q86UK5 EVC2	
A8K855	UniProt:A8K855 EFCAB7	
P57679	UniProt:P57679 EVC	
Q6IPM2	UniProt:Q6IPM2 IQCE	
Q8TCT7	UniProt:Q8TCT7 SPPL2B	
Q8TCT8	UniProt:Q8TCT8 SPPL2A	
Q96N67	UniProt:Q96N67 DOCK7	
P35712	UniProt:P35712 SOX6	
Q9BT81	UniProt:Q9BT81 SOX7	
P48436	UniProt:P48436 SOX9	
Q05066	UniProt:Q05066 SRY	
P48431	UniProt:P48431 SOX2	
P41225	UniProt:P41225 SOX3	
Q9NSA3	UniProt:Q9NSA3 CTNNBIP1	
Q8N441	UniProt:Q8N441 FGFRL1	
Q96P48	UniProt:Q96P48 ARAP1	
P08047	UniProt:P08047 SP1	
P26927	UniProt:P26927 MST1	
P54826	UniProt:P54826 GAS1	
P61218	UniProt:P61218 POLR2F	
P52298	UniProt:P52298 NCBP2	
P19387	UniProt:P19387 POLR2C	
P24928	UniProt:P24928 POLR2A	
P53803	UniProt:P53803 POLR2K	
P26599	UniProt:P26599 PTBP1	
P52434	UniProt:P52434 POLR2H	
P30876	UniProt:P30876 POLR2B	
P62875	UniProt:P62875 POLR2L	
P19388	UniProt:P19388 POLR2E	
P52435	UniProt:P52435 POLR2J	
P35269	UniProt:P35269 GTF2F1	
O15514	UniProt:O15514 POLR2D	
Q09161	UniProt:Q09161 NCBP1	
P13984	UniProt:P13984 GTF2F2	
P62487	UniProt:P62487 POLR2G	
P36954	UniProt:P36954 POLR2I	
Q5T9L3	UniProt:Q5T9L3 WLS	
Q9BPW9	UniProt:Q9BPW9 DHRS9	
O75452	UniProt:O75452 RDH16	
Q8IZV5	UniProt:Q8IZV5 RDH10	
Q8N3Y7	UniProt:Q8N3Y7 SDR16C5	
O60583	UniProt:O60583 CCNT2	
O75909	UniProt:O75909 CCNK	
O60563	UniProt:O60563 CCNT1	
P50750	UniProt:P50750 CDK9	
Q5NUL3	UniProt:Q5NUL3 FFAR4	
P08069	UniProt:P08069 IGF1R	
Q13164	UniProt:Q13164 MAPK7	
Q9UQC2	UniProt:Q9UQC2 GAB2	
Q9H6T0	UniProt:Q9H6T0 ESRP2	
P52272	UniProt:P52272 HNRNPM	
P35916	UniProt:P35916 FLT4	
Q9UI08	UniProt:Q9UI08 EVL	
P20936	UniProt:P20936 RASA1	
P31321	UniProt:P31321 PRKAR1B	
P31323	UniProt:P31323 PRKAR2B	
P10644	UniProt:P10644 PRKAR1A	
P13861	UniProt:P13861 PRKAR2A	
Q9Y3M2	UniProt:Q9Y3M2 CBY1	
Q9H0M0	UniProt:Q9H0M0 WWP1	
Q8IX03	UniProt:Q8IX03 WWC1	
Q9Y210	UniProt:Q9Y210 TRPC6	
Q13507	UniProt:Q13507 TRPC3	
Q9HCX4	UniProt:Q9HCX4 TRPC7	
P20309	UniProt:P20309 CHRM3	
P08912	UniProt:P08912 CHRM5	
P11229	UniProt:P11229 CHRM1	
Q9NY61	UniProt:Q9NY61 AATF	
Q9BQE3	UniProt:Q9BQE3 TUBA1C	
P04350	UniProt:P04350 TUBB4A	
Q13885	UniProt:Q13885 TUBB2A	
Q9BVA1	UniProt:Q9BVA1 TUBB2B	
Q9H4B7	UniProt:Q9H4B7 TUBB1	
Q13509	UniProt:Q13509 TUBB3	
Q71U36	UniProt:Q71U36 TUBA1A	
P68366	UniProt:P68366 TUBA4A	
Q9BUF5	UniProt:Q9BUF5 TUBB6	
P68363	UniProt:P68363 TUBA1B	
Q13748	UniProt:Q13748 TUBA3C	
P68371	UniProt:P68371 TUBB4B	
Q01469	UniProt:Q01469 FABP5	
Q9UDY2	UniProt:Q9UDY2 TJP2	
Q15121	UniProt:Q15121 PEA15	
P15059	UniProt:P15059 SPI-2	
P07385	UniProt:P07385 CRMA	
P12643	UniProt:P12643 BMP2	
O43278	UniProt:O43278 SPINT1	
O43291	UniProt:O43291 SPINT2	
Q9NRM7	UniProt:Q9NRM7 LATS2	
Q6IAA8	UniProt:Q6IAA8 LAMTOR1	
Q0VGL1	UniProt:Q0VGL1 LAMTOR4	
Q5VZM2	UniProt:Q5VZM2 RRAGB	
Q7L523	UniProt:Q7L523 RRAGA	
O75116	UniProt:O75116 ROCK2	
Q13464	UniProt:Q13464 ROCK1	
Q96B36	UniProt:Q96B36 AKT1S1	
P29373	UniProt:P29373 CRABP2	
O60344	UniProt:O60344 ECE2	
Q13043	UniProt:Q13043 STK4	
P30559	UniProt:P30559 OXTR	
Q15058	UniProt:Q15058 KIF14	
P50120	UniProt:P50120 RBP2	
P53350	UniProt:P53350 PLK1	
Q9H410	UniProt:Q9H410 DSN1	
Q9H081	UniProt:Q9H081 MIS12	
Q562F6	UniProt:Q562F6 SGO2	
P52948	UniProt:P52948-5 NUP98	
Q96EE3	UniProt:Q96EE3-1 SEH1L	
Q7L2Z9	UniProt:Q7L2Z9 CENPQ	
P49450	UniProt:P49450 CENPA	
Q13257	UniProt:Q13257 MAD2L1	
O43684	UniProt:O43684 BUB3	
Q9BW27	UniProt:Q9BW27 NUP85	
Q12834	UniProt:Q12834 CDC20	
O43683	UniProt:O43683 BUB1	
O00139	UniProt:O00139 KIF2A	
Q15691	UniProt:Q15691 MAPRE1	
O14777	UniProt:O14777 NDC80	
P43034	UniProt:P43034 PAFAH1B1	
Q6IPU0	UniProt:Q6IPU0 CENPP	
Q96BT3	UniProt:Q96BT3 CENPT	
Q9BU64	UniProt:Q9BU64 CENPO	
Q12769	UniProt:Q12769 NUP160	
Q2NKX8	UniProt:Q2NKX8 ERCC6L	
Q8NBT2	UniProt:Q8NBT2 SPC24	
Q9Y6D9	UniProt:Q9Y6D9 MAD1L1	
Q96GD4	UniProt:Q96GD4 AURKB	
Q02224	UniProt:Q02224 CENPE	
Q96IY1	UniProt:Q96IY1 NSL1	
Q8NFH4	UniProt:Q8NFH4 NUP37	
O60566	UniProt:O60566 BUB1B	
O75122	UniProt:O75122 CLASP2	
Q9GZM8	UniProt:Q9GZM8 NDEL1	
Q9P258	UniProt:Q9P258 RCC2	
O43264	UniProt:O43264 ZW10	
P57740	UniProt:P57740 NUP107	
P49792	UniProt:P49792 RANBP2	
Q8NG31	UniProt:Q8NG31 CASC5	
Q8N0S6	UniProt:Q8N0S6 CENPL	
Q8WVK7	UniProt:Q8WVK7 SKA2	
P36873	UniProt:P36873 PPP1CC	
Q71F23	UniProt:Q71F23 CENPU	
Q03188	UniProt:Q03188 CENPC	
Q8WUM0	UniProt:Q8WUM0 NUP133	
P55735	UniProt:P55735 SEC13	
Q9NXR1	UniProt:Q9NXR1 NDE1	
Q5FBB7	UniProt:Q5FBB7 SGO1	
Q9NSP4	UniProt:Q9NSP4 CENPM	
Q9H900	UniProt:Q9H900 ZWILCH	
Q9BZD4	UniProt:Q9BZD4 NUF2	
Q96BD8	UniProt:Q96BD8 SKA1	
Q99661	UniProt:Q99661 KIF2C	
Q9BS16	UniProt:Q9BS16 CENPK	
P50748	UniProt:P50748 KNTC1	
P46060	UniProt:P46060 RANGAP1	
O15392	UniProt:O15392 BIRC5	
Q8WYP5	UniProt:Q8WYP5 AHCTF1	
Q53HL2	UniProt:Q53HL2 CDCA8	
Q96EA4	UniProt:Q96EA4 SPDL1	
Q8NFH3	UniProt:Q8NFH3 NUP43	
Q9NQS7	UniProt:Q9NQS7 INCENP	
Q7Z460	UniProt:Q7Z460 CLASP1	
Q14008	UniProt:Q14008 CKAP5	
Q9HBM1	UniProt:Q9HBM1 SPC25	
Q8NI77	UniProt:Q8NI77 KIF18A	
O95229	UniProt:O95229 ZWINT	
Q9H3R5	UniProt:Q9H3R5 CENPH	
Q8N2Z9	UniProt:Q8N2Z9 APITD1	
Q9BPU9	UniProt:Q9BPU9 B9D2	
Q9Y266	UniProt:Q9Y266 NUDC	
P42677	UniProt:P42677 RPS27	
P49454	UniProt:P49454 CENPF	
Q6P1K2	UniProt:Q6P1K2 PMF1	
O14980	UniProt:O14980 XPO1	
Q92674	UniProt:Q92674 CENPI	
Q7L7X3	UniProt:Q7L7X3 TAOK1	
Q8N4N8	UniProt:Q8N4N8 KIF2B	
Q96H22	UniProt:Q96H22 CENPN	
O60879	UniProt:O60879-2 DIAPH2	
Q8NFM7	UniProt:Q8NFM7 IL17RD	
Q70CQ2	UniProt:Q70CQ2 USP34	
Q8IZW8	UniProt:Q8IZW8 TNS4	
P01350	UniProt:P01350 GAST	
P29350	UniProt:P29350 PTPN6	
Q01973	UniProt:Q01973 ROR1	
Q01974	UniProt:Q01974 ROR2	
Q96PY5	UniProt:Q96PY5 FMNL2	
P49238	UniProt:P49238 CX3CR1	
Q8IYL9	UniProt:Q8IYL9 GPR65	
P30550	UniProt:P30550 GRPR	
P08949	UniProt:P08949 NMB	
O43193	UniProt:O43193 MLNR	
Q15743	UniProt:Q15743 GPR68	
P47992	UniProt:P47992 XCL1	
O43614	UniProt:O43614 HCRTR2	
O95665	UniProt:O95665 NTSR2	
Q9Y5X5	UniProt:Q9Y5X5 NPFFR2	
O95399	UniProt:O95399 UTS2	
Q96P88	UniProt:Q96P88 GNRHR2	
P01148	UniProt:P01148 GNRH1	
O00398	UniProt:O00398 P2RY10	
Q15077	UniProt:Q15077 P2RY6	
Q9Y271	UniProt:Q9Y271 CYSLTR1	
O15130	UniProt:O15130 NPFF	
O14843	UniProt:O14843 FFAR3	
P25105	UniProt:P25105 PTAFR	
P28336	UniProt:P28336 NMBR	
Q92847	UniProt:Q92847 GHSR	
O43612	UniProt:O43612 HCRT	
O43555	UniProt:O43555 GNRH2	
P41231	UniProt:P41231 P2RY2	
Q9UKP6	UniProt:Q9UKP6 UTS2R	
Q765I0	UniProt:Q765I0 UTS2B	
Q9UBU3	UniProt:Q9UBU3-1 GHRL	
Q9NS75	UniProt:Q9NS75 CYSLTR2	
P07492	UniProt:P07492 GRP	
P30989	UniProt:P30989 NTSR1	
O15552	UniProt:O15552 FFAR2	
Q9NPC1	UniProt:Q9NPC1 LTB4R2	
P30968	UniProt:P30968 GNRHR	
P32247	UniProt:P32247 BRS3	
P47901	UniProt:P47901 AVPR1B	
Q9GZQ6	UniProt:Q9GZQ6 NPFFR1	
Q9UBD3	UniProt:Q9UBD3 XCL2	
Q9UNW8	UniProt:Q9UNW8 GPR132	
P37288	UniProt:P37288 AVPR1A	
P46094	UniProt:P46094 XCR1	
Q9UHM6	UniProt:Q9UHM6 OPN4	
O43613	UniProt:O43613 HCRTR1	
Q15722	UniProt:Q15722 LTB4R	
P46093	UniProt:P46093 GPR4	
Q8WVZ9	UniProt:Q8WVZ9 KBTBD7	
Q9NWB7	UniProt:Q9NWB7 IFT57	
Q9UG01	UniProt:Q9UG01 IFT172	
Q9Y366	UniProt:Q9Y366 IFT52	
Q9Y496	UniProt:Q9Y496 KIF3A	
Q13099	UniProt:Q13099 IFT88	
P46695	UniProt:P46695 IER3	
Q92851	UniProt:Q92851 CASP10	
Q03135	UniProt:Q03135 CAV1	
O95429	UniProt:O95429 BAG4	
Q93008	UniProt:Q93008 USP9X	
P21741	UniProt:P21741 MDK	
Q2MJR0	UniProt:Q2MJR0 SPRED3	
P63104	UniProt:P63104 YWHAZ	
Q9UBS0	UniProt:Q9UBS0 RPS6KB2	
P00750	UniProt:P00750 PLAT	
P00747	UniProt:P00747 PLG	
P04118	UniProt:P04118 CLPS	
P16233	UniProt:P16233 PNLIP	
Q16543	UniProt:Q16543	
Q9BRR9	UniProt:Q9BRR9 ARHGAP9	
Q12979	UniProt:Q12979 ABR	
O43295	UniProt:O43295 SRGAP3	
Q52LW3	UniProt:Q52LW3 ARHGAP29	
Q6ZRI8	UniProt:Q6ZRI8 ARHGAP36	
Q8N103	UniProt:Q8N103 TAGAP	
Q9P227	UniProt:Q9P227 ARHGAP23	
Q8IZM6	UniProt:Q8IZM6 BPGAP1	
Q9NRY4	UniProt:Q9NRY4 ARHGAP35	
Q6ZUM4	UniProt:Q6ZUM4 ARHGAP27	
Q6ZW31	UniProt:Q6ZW31 SYDE1	
Q96QD5	UniProt:Q96QD5 DEPDC7	
Q53QZ3	UniProt:Q53QZ3 ARHGAP15	
Q9H0H5	UniProt:Q9H0H5 RACGAP1	
Q9P2N2	UniProt:Q9P2N2 ARHGAP28	
Q13459	UniProt:Q13459 MYO9B	
Q01968	UniProt:Q01968 OCRL	
B2RTY4	UniProt:B2RTY4 MYO9A	
Q15311	UniProt:Q15311 RALBP1	
O60890	UniProt:O60890 OPHN1	
Q9P2F6	UniProt:Q9P2F6 ARHGAP20	
Q5TG30	UniProt:Q5TG30 ARHGAP40	
Q6P4F7	UniProt:Q6P4F7 ARHGAP11A	
P15882	UniProt:P15882 CHN1	
Q8WUY9	UniProt:Q8WUY9 DEPDC1B	
Q9P107	UniProt:Q9P107 GMIP	
Q9C0H5	UniProt:Q9C0H5 ARHGAP39	
Q7Z5H3	UniProt:Q7Z5H3 ARHGAP22	
P42331	UniProt:P42331 ARHGAP25	
Q13017	UniProt:Q13017 ARHGAP5	
P85298	UniProt:P85298 ARHGAP8	
Q5T5U3	UniProt:Q5T5U3 ARHGAP21	
Q2M1Z3	UniProt:Q2M1Z3 ARHGAP31	
Q7Z6B7	UniProt:Q7Z6B7 SRGAP1	
Q17R89	UniProt:Q17R89 ARHGAP44	
Q14CB8	UniProt:Q14CB8 ARHGAP19	
A6NI28	UniProt:A6NI28 ARHGAP42	
P11274	UniProt:P11274 BCR	
P32019	UniProt:P32019 INPP5B	
Q92502	UniProt:Q92502 STARD8	
Q5VT97	UniProt:Q5VT97 SYDE2	
A1A4S6	UniProt:A1A4S6 ARHGAP10	
Q68EM7	UniProt:Q68EM7 ARHGAP17	
Q8IWW6	UniProt:Q8IWW6 ARHGAP12	
O43182	UniProt:O43182 ARHGAP6	
Q8N264	UniProt:Q8N264 ARHGAP24	
Q92619	UniProt:Q92619 HMHA1	
Q8N392	UniProt:Q8N392 ARHGAP18	
Q7Z6I6	UniProt:Q7Z6I6 ARHGAP30	
P52757	UniProt:P52757 CHN2	
Q8WZ64	UniProt:Q8WZ64 ARAP2	
Q96QB1	UniProt:Q96QB1 DLC1	
Q07960	UniProt:Q07960 ARHGAP1	
Q8WWN8	UniProt:Q8WWN8 ARAP3	
Q9Y3M8	UniProt:Q9Y3M8 STARD13	
Q3KRB8	UniProt:Q3KRB8 ARHGAP11B	
Q9UNA1	UniProt:Q9UNA1 ARHGAP26	
O14559	UniProt:O14559 ARHGAP33	
Q15642	UniProt:Q15642 TRIP10	
Q9NYF5	UniProt:Q9NYF5 FAM13B	
P01023	UniProt:P01023 A2M	
O94988	UniProt:O94988 FAM13A	
P98171	UniProt:P98171 ARHGAP4	
A7KAX9	UniProt:A7KAX9 ARHGAP32	
P01106	UniProt:P01106 MYC	
Q6PHR2	UniProt:Q6PHR2 ULK3	
Q9Y274	UniProt:Q9Y274 ST3GAL6	
Q11203	UniProt:Q11203 ST3GAL3	
Q11206	UniProt:Q11206 ST3GAL4	
P49674	UniProt:P49674 CSNK1E	
P11177	UniProt:P11177 PDHB	
P10515	UniProt:P10515 DLAT	
O00330	UniProt:O00330 PDHX	
P09622	UniProt:P09622 DLD	
P08559	UniProt:P08559 PDHA1	
P04637	UniProt:P04637 TP53	
Q8N6U8	UniProt:Q8N6U8 GPR161	
Q93034	UniProt:Q93034 CUL5	
P25445	UniProt:P25445 FAS	
P48023	UniProt:P48023 FASLG	
Q9Y4A5	UniProt:Q9Y4A5 TRRAP	
Q00987	UniProt:Q00987 MDM2	
Q14997	UniProt:Q14997 PSME4	
A5LHX3	UniProt:A5LHX3 PSMB11	
Q8TAA3	UniProt:Q8TAA3 PSMA8	
P51452	UniProt:P51452 DUSP3	
P47712	UniProt:P47712 PLA2G4A	
Q9NYJ8	UniProt:Q9NYJ8 TAB2	
Q8N5C8	UniProt:Q8N5C8 TAB3	
Q15750	UniProt:Q15750 TAB1	
O00144	UniProt:O00144 FZD9	
Q9ULW2	UniProt:Q9ULW2 FZD10	
O15264	UniProt:O15264 MAPK13	
Q16539	UniProt:Q16539 MAPK14	
P53778	UniProt:P53778 MAPK12	
Q15759	UniProt:Q15759 MAPK11	
O95995	UniProt:O95995 GAS8	
O15519	UniProt:O15519 CFLAR	
P20151	UniProt:P20151 KLK2	
P07288	UniProt:P07288 KLK3	
P18846	UniProt:P18846 ATF1	
P51811	UniProt:P51811 XK	
P23276	UniProt:P23276 KEL	
P12830	UniProt:P12830 CDH1	
P19883	UniProt:P19883 FST	
Q9NYF0	UniProt:Q9NYF0 DACT1	
O43865	UniProt:O43865 AHCYL1	
Q14571	UniProt:Q14571 ITPR2	
Q14643	UniProt:Q14643 ITPR1	
Q14573	UniProt:Q14573 ITPR3	
P30086	UniProt:P30086 PEBP1	
Q9NR96	UniProt:Q9NR96 TLR9	
Q96PN6	UniProt:Q96PN6 ADCY10	
Q9NXB0	UniProt:Q9NXB0 MKS1	
O75665	UniProt:O75665 OFD1	
Q68CZ1	UniProt:Q68CZ1 RPGRIP1L	
P27348	UniProt:P27348 YWHAQ	
Q04917	UniProt:Q04917 YWHAH	
P61981	UniProt:P61981 YWHAG	
P31947	UniProt:P31947 SFN	
Q16620	UniProt:Q16620 NTRK2	
Q9BQB4	UniProt:Q9BQB4 SOST	
Q15746	UniProt:Q15746 MYLK	
Q16584	UniProt:Q16584 MAP3K11	
Q04756	UniProt:Q04756 HGFAC	
P35813	UniProt:P35813 PPM1A	
P05019	UniProt:P05019 IGF1	
P01344	UniProt:P01344 IGF2	
P62140	UniProt:P62140 PPP1CB	
O75807	UniProt:O75807 PPP1R15A	
Q07157	UniProt:Q07157 TJP1	
Q00535	UniProt:Q00535 CDK5	
Q8WVC0	UniProt:Q8WVC0 LEO1	
Q5VTY9	UniProt:Q5VTY9 HHAT	
Q9BT04	UniProt:Q9BT04 FUZ	
Q9ULD6	UniProt:Q9ULD6 INTU	
A8MQ27	UniProt:A8MQ27 NEURL1B	
Q86YT6	UniProt:Q86YT6 MIB1	
O76050	UniProt:O76050 NEURL1	
Q96AX9	UniProt:Q96AX9 MIB2	
P51532	UniProt:P51532 SMARCA4	
Q9NZC7	UniProt:Q9NZC7 WWOX	
Q92888	UniProt:Q92888 ARHGEF1	
P04150	UniProt:P04150 NR3C1	
Q8IZL8	UniProt:Q8IZL8 PELP1	
Q9Y5K8	UniProt:Q9Y5K8 ATP6V1D	
O95670	UniProt:O95670 ATP6V1G2	
Q93050	UniProt:Q93050 ATP6V0A1	
Q9HBG4	UniProt:Q9HBG4 ATP6V0A4	
P38606	UniProt:P38606 ATP6V1A	
Q96A05	UniProt:Q96A05 ATP6V1E2	
O15342	UniProt:O15342 ATP6V0E1	
Q99437	UniProt:Q99437 ATP6V0B	
O75348	UniProt:O75348 ATP6V1G1	
Q16864	UniProt:Q16864 ATP6V1F	
P21283	UniProt:P21283 ATP6V1C1	
Q9UI12	UniProt:Q9UI12 ATP6V1H	
P21281	UniProt:P21281 ATP6V1B2	
Q13488	UniProt:Q13488 TCIRG1	
Q8N8Y2	UniProt:Q8N8Y2 ATP6V0D2	
Q96LB4	UniProt:Q96LB4 ATP6V1G3	
Q9Y487	UniProt:Q9Y487 ATP6V0A2	
P15313	UniProt:P15313 ATP6V1B1	
P27449	UniProt:P27449 ATP6V0C	
P36543	UniProt:P36543 ATP6V1E1	
Q8NEY4	UniProt:Q8NEY4 ATP6V1C2	
P61421	UniProt:P61421 ATP6V0D1	
Q8NHE4	UniProt:Q8NHE4 ATP6V0E2	
Q7Z3T8	UniProt:Q7Z3T8 ZFYVE16	
Q9Y316	UniProt:Q9Y316 MEMO1	
Q08116	UniProt:Q08116 RGS1	
P49802	UniProt:P49802 RGS7	
O94810	UniProt:O94810 RGS11	
O15492	UniProt:O15492 RGS16	
O14924	UniProt:O14924 RGS12	
O15539	UniProt:O15539 RGS5	
O43665	UniProt:O43665 RGS10	
P57771	UniProt:P57771 RGS8	
O75916	UniProt:O75916 RGS9	
O14921	UniProt:O14921 RGS13	
P49798	UniProt:P49798 RGS4	
Q8NE09	UniProt:Q8NE09 RGS22	
O76081	UniProt:O76081 RGS20	
P49758	UniProt:P49758 RGS6	
O43566	UniProt:O43566 RGS14	
Q9Y5W5	UniProt:Q9Y5W5 WIF1	
P05814	UniProt:P05814 CSN2	
Q9UBL3	UniProt:Q9UBL3 ASH2L	
Q15291	UniProt:Q15291 RBBP5	
O14686	UniProt:O14686 KMT2D	
Q8IVF7	UniProt:Q8IVF7 FMNL3	
P50416	UniProt:P50416 CPT1A	
Q92523	UniProt:Q92523 CPT1B	
P42224	UniProt:P42224-1 STAT1	
Q15831	UniProt:Q15831 STK11	
Q7RTN6	UniProt:Q7RTN6 STRADA	
Q9C0K7	UniProt:Q9C0K7 STRADB	
P12931	UniProt:P12931 SRC	
Q9H488	UniProt:Q9H488 POFUT1	
O60493	UniProt:O60493 SNX3	
O75525	UniProt:O75525 KHDRBS3	
P22362	UniProt:P22362 CCL1	
P62942	UniProt:P62942 FKBP1A	
P09958	UniProt:P09958 FURIN	
Q92824	UniProt:Q92824 PCSK5	
P29122	UniProt:P29122 PCSK6	
P78536	UniProt:P78536 ADAM17	
P21359	UniProt:P21359 NF1	
Q99616	UniProt:Q99616 CCL13	
Q96DZ5	UniProt:Q96DZ5 CLIP3	
O14756	UniProt:O14756 HSD17B6	
Q8NEX9	UniProt:Q8NEX9 SDR9C7	
Q96NR8	UniProt:Q96NR8 RDH12	
O75436	UniProt:O75436 VPS26A	
Q9UBQ0	UniProt:Q9UBQ0 VPS29	
Q96QK1	UniProt:Q96QK1 VPS35	
O14654	UniProt:O14654 IRS4	
Q8NFA2	UniProt:Q8NFA2 NOXO1	
Q9Y5S8	UniProt:Q9Y5S8 NOX1	
Q86UR1	UniProt:Q86UR1 NOXA1	
Q32ZL2	UniProt:Q32ZL2 PLPPR5	
Q96GM1	UniProt:Q96GM1 PLPPR2	
Q7Z2D5	UniProt:Q7Z2D5 PLPPR4	
Q6T4P5	UniProt:Q6T4P5 PLPPR3	
Q8TBJ4	UniProt:Q8TBJ4 PLPPR1	
Q15904	UniProt:Q15904 ATP6AP1	
Q92993	UniProt:Q92993 KAT5	
Q9Y265	UniProt:Q9Y265 RUVBL1	
Q16518	UniProt:Q16518 RPE65	
P10144	UniProt:P10144 GZMB	
Q9UPN9	UniProt:Q9UPN9 TRIM33	
Q9HBY0	UniProt:Q9HBY0 NOX3	
P05981	UniProt:P05981 HPN	
O95633	UniProt:O95633 FSTL3	
Q96QV1	UniProt:Q96QV1 HHIP	
P10523	UniProt:P10523 SAG	
P78423	UniProt:P78423 CX3CL1	
P15918	UniProt:P15918 RAG1	
P55895	UniProt:P55895 RAG2	
P35913	UniProt:P35913 PDE6B	
P18545	UniProt:P18545 PDE6G	
P16499	UniProt:P16499 PDE6A	
Q93084	UniProt:Q93084 ATP2A3	
P16615	UniProt:P16615 ATP2A2	
O14983	UniProt:O14983 ATP2A1	
Q9HAY6	UniProt:Q9HAY6 BCO1	
Q9Y5K5	UniProt:Q9Y5K5 UCHL5	
Q9Y4E8	UniProt:Q9Y4E8 USP15	
P78363	UniProt:P78363 ABCA4	
Q86VP1	UniProt:Q86VP1 TAX1BP1	
P21580	UniProt:P21580 TNFAIP3	
Q2M1P5	UniProt:Q2M1P5 KIF7	
P48426	UniProt:P48426 PIP4K2A	
P78356	UniProt:P78356 PIP4K2B	
Q8TBX8	UniProt:Q8TBX8 PIP4K2C	
Q13322	UniProt:Q13322 GRB10	
Q14289	UniProt:Q14289 PTK2B	
Q96MT3	UniProt:Q96MT3 PRICKLE1	
P12271	UniProt:P12271 RLBP1	
P29474	UniProt:P29474 NOS3	
O95445	UniProt:O95445 APOM	
Q12967	UniProt:Q12967 RALGDS	
Q7LDG7	UniProt:Q7LDG7 RASGRP2	
O94907	UniProt:O94907 DKK1	
Q9UBU2	UniProt:Q9UBU2 DKK2	
Q96MU8	UniProt:Q96MU8 KREMEN1	
Q9UBT3	UniProt:Q9UBT3 DKK4	
Q8NCW0	UniProt:Q8NCW0 KREMEN2	
O15524	UniProt:O15524 SOCS1	
P46934	UniProt:P46934 NEDD4	
Q9UBE8	UniProt:Q9UBE8 NLK	
P19419	UniProt:P19419 ELK1	
P42226	UniProt:P42226 STAT6	
Q13324	UniProt:Q13324-1 CRHR2	
P45983	UniProt:P45983 MAPK8	
Q9UNH5	UniProt:Q9UNH5 CDC14A	
O60729	UniProt:O60729 CDC14B	
Q9ULH0	UniProt:Q9ULH0 KIDINS220	
P63098	UniProt:P63098 PPP3R1	
P01130	UniProt:P01130 LDLR	
O75593	UniProt:O75593 FOXH1	
Q14919	UniProt:Q14919 DRAP1	
P17948	UniProt:P17948 FLT1	
P30419	UniProt:P30419 NMT1	
O60551	UniProt:O60551 NMT2	
Q15596	UniProt:Q15596 NCOA2	
Q76N89	UniProt:Q76N89 HECW1	
P23946	UniProt:P23946 CMA1	
P14780	UniProt:P14780 MMP9	
Q5VWX1	UniProt:Q5VWX1 KHDRBS2	
Q6PEY2	UniProt:Q6PEY2 TUBA3E	
Q9NY65	UniProt:Q9NY65 TUBA8	
A6NNZ2	UniProt:A6NNZ2 Tubulin beta-8 chain-like protein LOC260334	
A6NHL2	UniProt:A6NHL2 TUBAL3	
Q3ZCM7	UniProt:Q3ZCM7 TUBB8	
Q9H853	UniProt:Q9H853 TUBA4B	
Q8NFT8	UniProt:Q8NFT8 DNER	
P42772	UniProt:P42772 CDKN2B	
O75161	UniProt:O75161 NPHP4	
P19784	UniProt:P19784 CSNK2A2	
P68400	UniProt:P68400 CSNK2A1	
P67870	UniProt:P67870 CSNK2B	
O00421	UniProt:O00421 CCRL2	
Q5QGT7	UniProt:Q5QGT7 RTP2	
Q9BQQ7	UniProt:Q9BQQ7 RTP3	
P59025	UniProt:P59025 RTP1	
Q96DX8	UniProt:Q96DX8 RTP4	
Q14D33	UniProt:Q14D33 RTP5	
O43184	UniProt:O43184 ADAM12	
O14672	UniProt:O14672 ADAM10	
P00519	UniProt:P00519 ABL1	
Q9BUB5	UniProt:Q9BUB5 MKNK1	
P41743	UniProt:P41743 PRKCI	
Q96HR9	UniProt:Q96HR9 REEP6	
Q00765	UniProt:Q00765 REEP5	
Q9H6H4	UniProt:Q9H6H4 REEP4	
Q9BRK0	UniProt:Q9BRK0 REEP2	
Q6NUK4	UniProt:Q6NUK4 REEP3	
Q9H902	UniProt:Q9H902 REEP1	
Q14451	UniProt:Q14451 GRB7	
Q9Y4D2	UniProt:Q9Y4D2 DAGLA	
Q8NCG7	UniProt:Q8NCG7 DAGLB	
Q9HCK8	UniProt:Q9HCK8 CHD8	
O60879	UniProt:O60879-3 DIAPH2	
P24387	UniProt:P24387 CRHBP	
P05121	UniProt:P05121 SERPINE1	
Q15262	UniProt:Q15262 PTPRK	
O43353	UniProt:O43353 RIPK2	
P32249	UniProt:P32249 GPR183	
O00716	UniProt:O00716 E2F3	
Q01094	UniProt:Q01094 E2F1	
O60721	UniProt:O60721 SLC24A1	
P14061	UniProt:P14061 HSD17B1	
Q9NYR8	UniProt:Q9NYR8 RDH8	
Q92729	UniProt:Q92729 PTPRU	
O95644	UniProt:O95644 NFATC1	
P05231	UniProt:P05231 IL6	
P08887	UniProt:P08887 IL6R	
P29597	UniProt:P29597 TYK2	
P40189	UniProt:P40189-1 IL6ST	
P08887	UniProt:P08887-2 IL6R	
Q15418	UniProt:Q15418 RPS6KA1	
P51812	UniProt:P51812 RPS6KA3	
Q15349	UniProt:Q15349 RPS6KA2	
Q9UK80	UniProt:Q9UK80 USP21	
O75604	UniProt:O75604 USP2	
Q6GQQ9	UniProt:Q6GQQ9 OTUD7B	
Q13107	UniProt:Q13107 USP4	
Q9NZI8	UniProt:Q9NZI8 IGF2BP1	
P20340	UniProt:P20340 RAB6A	
P61081	UniProt:P61081 UBE2M	
Q9BYV7	UniProt:Q9BYV7 BCO2	
P42892	UniProt:P42892 ECE1	
P14136	UniProt:P14136 GFAP	
P49354	UniProt:P49354 FNTA	
P49356	UniProt:P49356 FNTB	
O60462	UniProt:O60462 NRP2	
Q9UGJ0	UniProt:Q9UGJ0 PRKAG2	
P54619	UniProt:P54619 PRKAG1	
Q13131	UniProt:Q13131 PRKAA1	
P54646	UniProt:P54646 PRKAA2	
Q9Y478	UniProt:Q9Y478 PRKAB1	
O43741	UniProt:O43741 PRKAB2	
Q9UGI9	UniProt:Q9UGI9 PRKAG3	
Q15283	UniProt:Q15283 RASA2	
O43374	UniProt:O43374 RASA4	
Q5VWQ8	UniProt:Q5VWQ8 DAB2IP	
Q9UJF2	UniProt:Q9UJF2 RASAL2	
Q86YV0	UniProt:Q86YV0 RASAL3	
Q96PV0	UniProt:Q96PV0 SYNGAP1	
Q14644	UniProt:Q14644 RASA3	
O95294	UniProt:O95294 RASAL1	
Q9P296	UniProt:Q9P296 C5AR2	
O14974	UniProt:O14974 PPP1R12A	
O60237	UniProt:O60237 PPP1R12B	
Q9H3R0	UniProt:Q9H3R0 KDM4C	
Q15363	UniProt:Q15363 TMED2	
P49840	UniProt:P49840 GSK3A	
O75582	UniProt:O75582 RPS6KA5	
Q969H0	UniProt:Q969H0-4 FBXW7	
Q969H0	UniProt:Q969H0-1 FBXW7	
P22736	UniProt:P22736 NR4A1	
Q8IV63	UniProt:Q8IV63 VRK3	
Q9NSV4	UniProt:Q9NSV4 DIAPH3	
Q9BTZ2	UniProt:Q9BTZ2 DHRS4	
Q9HBH5	UniProt:Q9HBH5 RDH14	
Q9UN42	UniProt:Q9UN42 ATP1B4	
P08254	UniProt:P08254 MMP3	
Q99704	UniProt:Q99704 DOK1	
Q13163	UniProt:Q13163 MAP2K5	
Q13324	UniProt:Q13324-2 CRHR2	
P42680	UniProt:P42680 TEC	
P16591	UniProt:P16591 FER	
O14757	UniProt:O14757 CHEK1	
P07332	UniProt:P07332 FES	
Q9UGC6	UniProt:Q9UGC6 RGS17	
Q92974	UniProt:Q92974 ARHGEF2	
Q5VST9	UniProt:Q5VST9 OBSCN	
O94989	UniProt:O94989 ARHGEF15	
Q8N5V2	UniProt:Q8N5V2 NGEF	
Q8IVF5	UniProt:Q8IVF5 TIAM2	
Q9NR80	UniProt:Q9NR80 ARHGEF4	
Q8N4T4	UniProt:Q8N4T4 ARHGEF39	
O94827	UniProt:O94827 PLEKHG5	
Q96DR7	UniProt:Q96DR7 ARHGEF26	
A5YM69	UniProt:A5YM69 ARHGEF35	
Q15811	UniProt:Q15811 ITSN1	
Q8IW93	UniProt:Q8IW93 ARHGEF19	
P10911	UniProt:P10911 MCF2	
Q12774	UniProt:Q12774 ARHGEF5	
Q9H8V3	UniProt:Q9H8V3 ECT2	
P98174	UniProt:P98174 FGD1	
Q13009	UniProt:Q13009 TIAM1	
Q7Z6J4	UniProt:Q7Z6J4 FGD2	
Q5VV41	UniProt:Q5VV41 ARHGEF16	
Q96PE2	UniProt:Q96PE2 ARHGEF17	
Q8TCU6	UniProt:Q8TCU6 PREX1	
Q9HCE6	UniProt:Q9HCE6 ARHGEF10L	
A8MVX0	UniProt:A8MVX0 ARHGEF33	
Q15052	UniProt:Q15052 ARHGEF6	
O43307	UniProt:O43307 ARHGEF9	
Q9NXL2	UniProt:Q9NXL2 ARHGEF38	
Q5JSP0	UniProt:Q5JSP0 FGD3	
O15085	UniProt:O15085 ARHGEF11	
A1IGU5	UniProt:A1IGU5 ARHGEF37	
Q7Z628	UniProt:Q7Z628 NET1	
Q96M96	UniProt:Q96M96 FGD4	
O15013	UniProt:O15013 ARHGEF10	
Q8TER5	UniProt:Q8TER5 ARHGEF40	
Q9H7P9	UniProt:Q9H7P9 PLEKHG2	
O15068	UniProt:O15068 MCF2L	
Q07890	UniProt:Q07890 SOS2	
Q12802	UniProt:Q12802 AKAP13	
Q9NR81	UniProt:Q9NR81 ARHGEF3	
Q86YR5	UniProt:Q86YR5 GPSM1	
P50570	UniProt:P50570 DNM2	
Q05193	UniProt:Q05193 DNM1	
Q9UQ16	UniProt:Q9UQ16 DNM3	
Q9P219	UniProt:Q9P219 CCDC88C	
Q9H1Y3	UniProt:Q9H1Y3 OPN3	
O14718	UniProt:O14718 RRH	
Q6U736	UniProt:Q6U736 OPN5	
P47804	UniProt:P47804 RGR	
O75791	UniProt:O75791 GRAP2	
Q13588	UniProt:Q13588 GRAP	
Q9UMX6	UniProt:Q9UMX6 GUCA1B	
P43080	UniProt:P43080 GUCA1A	
O95843	UniProt:O95843 GUCA1C	
Q9HC97	UniProt:Q9HC97 GPR35	
O00270	UniProt:O00270 GPR31	
Q8WTQ7	UniProt:Q8WTQ7 GRK7	
P32298	UniProt:P32298-1 GRK4	
Q6P1J9	UniProt:Q6P1J9 CDC73	
O15354	UniProt:O15354 GPR37	
P06858	UniProt:P06858 LPL	
Q8IV16	UniProt:Q8IV16 GPIHBP1	
P03372	UniProt:P03372 ESR1	
Q06413	UniProt:Q06413 MEF2C	
Q02078	UniProt:Q02078 MEF2A	
P06401	UniProt:P06401 PGR	
O14746	UniProt:O14746 TERT	
O14543	UniProt:O14543 SOCS3	
Q8WZA2	UniProt:Q8WZA2 RAPGEF4	
O95398	UniProt:O95398 RAPGEF3	
O95237	UniProt:O95237 LRAT	
O43155	UniProt:O43155 FLRT2	
Q9NZU0	UniProt:Q9NZU0 FLRT3	
Q9NZU1	UniProt:Q9NZU1 FLRT1	
P78368	UniProt:P78368 CSNK1G2	
P51841	UniProt:P51841 GUCY2F	
Q02846	UniProt:Q02846 GUCY2D	
P60484	UniProt:P60484 PTEN	
P26045	UniProt:P26045 PTPN3	
P98164	UniProt:P98164 LRP2	
Q14114	UniProt:Q14114 LRP8	
Q7Z4F1	UniProt:Q7Z4F1 LRP10	
Q07954	UniProt:Q07954 LRP1	
Q9Y561	UniProt:Q9Y561 LRP12	
P20338	UniProt:P20338 RAB4A	
P61018	UniProt:P61018 RAB4B	
O75339	UniProt:O75339 CILP	
Q6P1J6	UniProt:Q6P1J6 PLB1	
Q5TA89	UniProt:Q5TA89 HES5	
O00329	UniProt:O00329 PIK3CD	
P61077	UniProt:P61077 UBE2D3	
P51668	UniProt:P51668 UBE2D1	
Q6IQ20	UniProt:Q6IQ20 NAPEPLD	
Q9Y5J3	UniProt:Q9Y5J3 HEY1	
Q9UBP5	UniProt:Q9UBP5 HEY2	
Q9NQ87	UniProt:Q9NQ87 HEYL	
P35232	UniProt:P35232 PHB	
Q16654	UniProt:Q16654 PDK4	
Q15118	UniProt:Q15118 PDK1	
Q15120	UniProt:Q15120 PDK3	
Q15119	UniProt:Q15119 PDK2	
Q13402	UniProt:Q13402 MYO7A	
Q9Y6W8	UniProt:Q9Y6W8-1 ICOS	
P15391	UniProt:P15391 CD19	
Q6ZUJ8	UniProt:Q6ZUJ8 PIK3AP1	
Q6PIZ9	UniProt:Q6PIZ9 TRAT1	
P10747	UniProt:P10747 CD28	
P42081	UniProt:P42081 CD86	
P33681	UniProt:P33681 CD80	
Q9BYT8	UniProt:Q9BYT8 NLN	
P06734	UniProt:P06734 FCER2	
Q86YF9	UniProt:Q86YF9 DZIP1	
